task_id	hash	native_id	name	status	exit	submit	duration	realtime	%cpu	peak_rss	peak_vmem	rchar	wchar
80	0a/1a2d77	3410624	fastsurfer (80)	COMPLETED	0	2025-10-26 18:55:19.967	1h 30m 36s	1h 30m 36s	1156.8%	12.7 GB	525.5 GB	3.5 GB	395.3 MB
229	5b/1832c4	204156	nifti_converter (1)	COMPLETED	0	2025-10-26 20:25:57.225	1.7s	1.2s	100.3%	73.5 MB	112 MB	7.4 MB	80 MB
230	c2/cedf3f	204812	roi_creator (1)	COMPLETED	0	2025-10-26 20:25:59.982	2m 52s	2m 51s	100.0%	198.8 MB	307.9 MB	4.9 GB	10.2 MB
39	ba/33786c	3410657	fastsurfer (39)	COMPLETED	0	2025-10-26 18:55:19.980	1h 47m 53s	1h 47m 52s	1172.8%	13 GB	525.7 GB	3.6 GB	415.2 MB
231	87/a99865	346688	nifti_converter (2)	COMPLETED	0	2025-10-26 20:43:12.570	2s	1.4s	100.4%	73.5 MB	112 MB	7.4 MB	80 MB
232	f1/73389c	348015	roi_creator (2)	COMPLETED	0	2025-10-26 20:43:15.570	2m 53s	2m 53s	100.0%	198.8 MB	307.9 MB	4.9 GB	10.2 MB
5	af/7d851a	3410719	fastsurfer (5)	COMPLETED	0	2025-10-26 18:55:20.000	1h 57m 22s	1h 57m 21s	1089.1%	12.5 GB	525 GB	3.7 GB	425.1 MB
233	2e/157eb0	464126	nifti_converter (3)	COMPLETED	0	2025-10-26 20:52:42.589	1.5s	895ms	99.3%	11.2 MB	62.4 MB	7.1 MB	80 MB
234	d6/bf8d63	464524	roi_creator (3)	COMPLETED	0	2025-10-26 20:52:45.079	2m 26s	2m 25s	100.2%	198.8 MB	307.9 MB	4.9 GB	10.3 MB
41	ac/cf8bb7	3410604	fastsurfer (41)	COMPLETED	0	2025-10-26 18:55:19.956	2h 13m 27s	2h 13m 26s	1157.2%	13 GB	525.7 GB	3.5 GB	391.1 MB
235	2c/d0e81f	620740	nifti_converter (4)	COMPLETED	0	2025-10-26 21:08:46.552	1.5s	998ms	99.8%	10.5 MB	62.4 MB	7.3 MB	80 MB
236	01/814923	621645	roi_creator (4)	COMPLETED	0	2025-10-26 21:08:49.104	2m 24s	2m 23s	100.2%	198.8 MB	307.9 MB	4.9 GB	10.2 MB
22	66/5f58cd	3410684	fastsurfer (22)	COMPLETED	0	2025-10-26 18:55:19.989	2h 23m 59s	2h 23m 58s	1129.4%	12.5 GB	525 GB	3.8 GB	443.9 MB
237	96/3a7644	744501	nifti_converter (5)	COMPLETED	0	2025-10-26 21:19:19.289	1.6s	1.1s	100.1%	73.5 MB	112 MB	7.7 MB	80 MB
238	81/db2ef8	745496	roi_creator (5)	COMPLETED	0	2025-10-26 21:19:21.915	2m 29s	2m 28s	100.2%	198.8 MB	307.9 MB	4.9 GB	10.3 MB
57	59/582ba1	3410571	fastsurfer (57)	COMPLETED	0	2025-10-26 18:55:19.933	2h 27m 37s	2h 27m 36s	1072.2%	12.7 GB	525.4 GB	3.8 GB	447.6 MB
239	45/462821	821445	nifti_converter (6)	COMPLETED	0	2025-10-26 21:22:56.875	1.8s	1.2s	99.4%	73.5 MB	112 MB	7.5 MB	80 MB
51	b2/7be600	3410563	fastsurfer (51)	COMPLETED	0	2025-10-26 18:55:19.921	2h 28m 40s	2h 28m 39s	1126.8%	13.1 GB	525.8 GB	3.7 GB	427.8 MB
241	29/02dbdf	876614	nifti_converter (7)	COMPLETED	0	2025-10-26 21:23:59.550	1.7s	1.1s	99.8%	73.5 MB	112 MB	7.8 MB	80 MB
240	0b/483b82	822691	roi_creator (6)	COMPLETED	0	2025-10-26 21:22:59.643	2m 26s	2m 25s	100.2%	198.8 MB	307.9 MB	4.9 GB	10.3 MB
242	98/9cf37e	878136	roi_creator (7)	COMPLETED	0	2025-10-26 21:24:02.236	2m 23s	2m 23s	100.2%	198.8 MB	307.9 MB	4.9 GB	10.2 MB
47	69/bde850	203412	fastsurfer (47)	COMPLETED	0	2025-10-26 20:25:56.203	1h 7m 4s	1h 7m 3s	842.4%	12.7 GB	525.4 GB	3.7 GB	420.2 MB
243	b5/b5b904	1032504	nifti_converter (8)	COMPLETED	0	2025-10-26 21:33:00.070	1.7s	1.2s	100.1%	73.5 MB	112 MB	7.5 MB	80 MB
244	05/ca6a29	1033555	roi_creator (8)	COMPLETED	0	2025-10-26 21:33:02.753	2m 39s	2m 39s	100.1%	198.8 MB	307.9 MB	4.9 GB	10.2 MB
59	03/dfd412	463284	fastsurfer (59)	COMPLETED	0	2025-10-26 20:52:41.579	53m 20s	53m 19s	902.5%	12.7 GB	525.4 GB	3.7 GB	425 MB
245	dc/37054d	1183881	nifti_converter (9)	COMPLETED	0	2025-10-26 21:46:01.626	2.2s	1.6s	99.3%	73.5 MB	112 MB	7.6 MB	80 MB
246	41/85b2f2	1184931	roi_creator (9)	COMPLETED	0	2025-10-26 21:46:04.855	2m 55s	2m 54s	100.0%	198.8 MB	307.9 MB	4.9 GB	10.2 MB
83	8f/71820c	346678	fastsurfer (83)	COMPLETED	0	2025-10-26 20:43:12.555	1h 8m 16s	1h 8m 15s	839.3%	13 GB	525.7 GB	3.9 GB	457.2 MB
247	17/f25ae3	1273131	nifti_converter (10)	COMPLETED	0	2025-10-26 21:51:28.662	2s	1.4s	98.9%	73.5 MB	112 MB	7.6 MB	80 MB
248	4c/dbb339	1274108	roi_creator (10)	COMPLETED	0	2025-10-26 21:51:31.642	2m 53s	2m 52s	100.1%	198.8 MB	307.9 MB	4.9 GB	10.3 MB
3	4b/8f1ac6	620731	fastsurfer (3)	COMPLETED	0	2025-10-26 21:08:46.541	56m 49s	56m 48s	773.3%	12.5 GB	525 GB	3.6 GB	409.3 MB
249	b5/ce1fd5	1427230	nifti_converter (11)	COMPLETED	0	2025-10-26 22:05:36.579	2.1s	1.5s	99.1%	73.5 MB	112 MB	7.4 MB	80 MB
250	a6/04fd65	1427950	roi_creator (11)	COMPLETED	0	2025-10-26 22:05:39.673	2m 55s	2m 54s	99.9%	198.8 MB	307.9 MB	4.9 GB	10.2 MB
74	2e/d6d868	744488	fastsurfer (74)	COMPLETED	0	2025-10-26 21:19:19.281	1h 4m 13s	1h 4m 13s	870.6%	13.1 GB	525.8 GB	3.9 GB	451.3 MB
251	6f/73eb65	1593159	nifti_converter (12)	COMPLETED	0	2025-10-26 22:23:33.406	2s	1.4s	99.3%	73.5 MB	112 MB	7.7 MB	80 MB
252	7c/977a4f	1593683	roi_creator (12)	COMPLETED	0	2025-10-26 22:23:36.376	2m 46s	2m 46s	100.1%	198.8 MB	307.9 MB	4.9 GB	10.3 MB
16	ed/a7161c	876606	fastsurfer (16)	COMPLETED	0	2025-10-26 21:23:59.543	1h 6m 34s	1h 6m 34s	1063.7%	13 GB	525.7 GB	3.6 GB	408.5 MB
253	5b/54ecc1	1692257	nifti_converter (13)	COMPLETED	0	2025-10-26 22:30:33.875	1.5s	874ms	99.5%	12 MB	62.4 MB	7.6 MB	80 MB
254	9b/ce6e43	1693139	roi_creator (13)	COMPLETED	0	2025-10-26 22:30:36.352	2m 6s	2m 5s	100.3%	198.8 MB	307.9 MB	4.9 GB	10.2 MB
26	c3/a16c72	1032479	fastsurfer (26)	COMPLETED	0	2025-10-26 21:33:00.050	1h 5m 2s	1h 5m 1s	1112.4%	12.7 GB	525.4 GB	3.6 GB	406.2 MB
255	20/8e8717	1803981	nifti_converter (14)	COMPLETED	0	2025-10-26 22:38:02.957	1.5s	939ms	100.7%	13.5 MB	62.4 MB	7.8 MB	80 MB
256	3e/ae3b46	1805101	roi_creator (14)	COMPLETED	0	2025-10-26 22:38:05.500	2m 13s	2m 13s	100.2%	198.8 MB	307.9 MB	4.9 GB	10.2 MB
46	c6/81a64e	821437	fastsurfer (46)	COMPLETED	0	2025-10-26 21:22:56.867	1h 25m 18s	1h 25m 17s	1158.4%	13 GB	525.7 GB	3.9 GB	463.5 MB
257	5d/7bf48b	1937291	nifti_converter (15)	COMPLETED	0	2025-10-26 22:48:14.792	1.6s	1.1s	99.5%	10.5 MB	62.4 MB	7.7 MB	80 MB
33	1c/a8853d	1183875	fastsurfer (33)	COMPLETED	0	2025-10-26 21:46:01.618	1h 2m 26s	1h 2m 26s	845.5%	12.6 GB	525.4 GB	3.6 GB	418.7 MB
259	20/09a627	1940476	nifti_converter (16)	COMPLETED	0	2025-10-26 22:48:27.893	1.7s	1.2s	99.5%	73.5 MB	112 MB	7.2 MB	80 MB
258	4f/fda7c3	1938645	roi_creator (15)	COMPLETED	0	2025-10-26 22:48:17.440	2m 36s	2m 36s	100.1%	198.8 MB	307.9 MB	4.9 GB	10.3 MB
260	de/bbe9c7	1941594	roi_creator (16)	COMPLETED	0	2025-10-26 22:48:30.625	2m 40s	2m 39s	100.1%	198.8 MB	307.9 MB	4.9 GB	10.2 MB
78	33/cc5fd4	1273121	fastsurfer (78)	COMPLETED	0	2025-10-26 21:51:28.656	1h 6m 7s	1h 6m 6s	901.6%	13 GB	525.8 GB	3.8 GB	446.1 MB
261	74/e53f93	2129491	nifti_converter (17)	COMPLETED	0	2025-10-26 22:57:36.571	1.6s	1s	100.5%	12 MB	62.4 MB	7.7 MB	80 MB
262	46/0e2d82	2130173	roi_creator (17)	COMPLETED	0	2025-10-26 22:57:39.183	2m 17s	2m 16s	100.2%	198.8 MB	307.9 MB	4.9 GB	10.3 MB
96	91/f189af	1592582	fastsurfer (96)	COMPLETED	0	2025-10-26 22:23:32.395	58m 44s	58m 43s	829.5%	12.7 GB	525.4 GB	3.7 GB	432.3 MB
263	f6/217c40	2336730	nifti_converter (18)	COMPLETED	0	2025-10-26 23:22:17.518	2s	1.4s	99.2%	73.5 MB	112 MB	7.7 MB	80 MB
264	a3/92cc87	2337589	roi_creator (18)	COMPLETED	0	2025-10-26 23:22:20.561	2m 54s	2m 53s	100.1%	198.8 MB	307.9 MB	4.9 GB	10.3 MB
18	43/e66866	1692254	fastsurfer (18)	COMPLETED	0	2025-10-26 22:30:33.869	58m	58m	850.8%	13 GB	525.7 GB	3.6 GB	410.7 MB
265	d3/9a9313	2426842	nifti_converter (19)	COMPLETED	0	2025-10-26 23:28:35.386	1.7s	1.1s	100.0%	73.5 MB	112 MB	8 MB	80 MB
266	68/385608	2427364	roi_creator (19)	COMPLETED	0	2025-10-26 23:28:38.095	2m 54s	2m 53s	100.1%	198.8 MB	307.9 MB	4.9 GB	10.2 MB
64	75/131c84	1803089	fastsurfer (64)	COMPLETED	0	2025-10-26 22:38:01.940	1h 3m 3s	1h 3m 3s	902.6%	13 GB	525.7 GB	3.8 GB	452.1 MB
267	9c/a2e8c8	2562562	nifti_converter (20)	COMPLETED	0	2025-10-26 23:41:05.074	1.8s	1.1s	100.5%	73.5 MB	112 MB	7.6 MB	80 MB
268	f1/4299ff	2564015	roi_creator (20)	COMPLETED	0	2025-10-26 23:41:07.836	2m 34s	2m 33s	100.1%	198.8 MB	307.9 MB	4.9 GB	10.3 MB
68	c0/962727	1940462	fastsurfer (68)	COMPLETED	0	2025-10-26 22:48:27.888	1h 6m 7s	1h 6m 7s	1260.6%	12.7 GB	525.5 GB	3.5 GB	401.1 MB
269	a1/c42208	2708170	nifti_converter (21)	COMPLETED	0	2025-10-26 23:54:35.123	1.5s	934ms	100.9%	9.8 MB	62.4 MB	7.4 MB	80 MB
270	5d/f52b87	2709567	roi_creator (21)	COMPLETED	0	2025-10-26 23:54:37.613	2m 33s	2m 32s	100.2%	198.8 MB	307.9 MB	4.9 GB	10.2 MB
30	27/2e9457	1937284	fastsurfer (30)	COMPLETED	0	2025-10-26 22:48:14.787	1h 12m 58s	1h 12m 57s	1163.5%	12.7 GB	525.4 GB	3.7 GB	430.7 MB
271	29/5adbee	2806465	nifti_converter (22)	COMPLETED	0	2025-10-27 00:01:13.464	1.5s	970ms	100.1%	12 MB	62.4 MB	7.5 MB	80 MB
272	49/bd272e	2807113	roi_creator (22)	COMPLETED	0	2025-10-27 00:01:16.012	2m 19s	2m 18s	100.3%	198.8 MB	307.9 MB	4.9 GB	10.3 MB
66	64/28eeb8	2128267	fastsurfer (66)	COMPLETED	0	2025-10-26 22:57:35.564	1h 10m 56s	1h 10m 55s	1134.4%	12.5 GB	525 GB	3.7 GB	423.5 MB
273	4c/93f0f6	2920910	nifti_converter (23)	COMPLETED	0	2025-10-27 00:08:32.227	1.7s	1.2s	100.7%	72.8 MB	112 MB	7.1 MB	80 MB
79	2b/92ff73	2336160	fastsurfer (79)	COMPLETED	0	2025-10-26 23:22:16.510	48m 12s	48m 11s	792.4%	13.1 GB	525.8 GB	3.5 GB	387.9 MB
275	5d/07f551	2989295	nifti_converter (24)	COMPLETED	0	2025-10-27 00:10:29.589	1.7s	1.1s	101.4%	73.5 MB	112 MB	7.6 MB	80 MB
50	1d/2e67ef	1426220	fastsurfer (50)	COMPLETED	0	2025-10-26 22:05:35.567	2h 5m 12s	2h 5m 12s	779.6%	13 GB	525.8 GB	3.7 GB	450.5 MB
277	4a/835dc6	2995001	nifti_converter (25)	COMPLETED	0	2025-10-27 00:10:47.921	2s	1.2s	100.2%	73.5 MB	112 MB	8 MB	80 MB
274	bc/9c6989	2921809	roi_creator (23)	COMPLETED	0	2025-10-27 00:08:34.973	2m 25s	2m 24s	100.2%	198.8 MB	307.9 MB	4.9 GB	10.2 MB
276	c1/4fab42	2990256	roi_creator (24)	COMPLETED	0	2025-10-27 00:10:32.321	2m 19s	2m 19s	100.2%	198.8 MB	307.9 MB	4.9 GB	10.2 MB
278	e2/2144d4	2996552	roi_creator (25)	COMPLETED	0	2025-10-27 00:10:50.886	2m 19s	2m 19s	100.2%	198.8 MB	307.9 MB	4.9 GB	10.2 MB
20	c0/a16192	2426239	fastsurfer (20)	COMPLETED	0	2025-10-26 23:28:34.378	59m 36s	59m 36s	842.5%	13 GB	525.7 GB	3.6 GB	416 MB
279	e3/64e593	3256388	nifti_converter (26)	COMPLETED	0	2025-10-27 00:28:11.708	1.5s	941ms	99.0%	12.8 MB	62.4 MB	7.5 MB	80 MB
280	da/b2bebc	3256830	roi_creator (26)	COMPLETED	0	2025-10-27 00:28:14.202	2m 31s	2m 30s	100.2%	198.8 MB	307.9 MB	4.9 GB	10.2 MB
17	fd/307f3f	2562559	fastsurfer (17)	COMPLETED	0	2025-10-26 23:41:05.068	1h 31s	1h 30s	821.6%	12.7 GB	525.5 GB	3.8 GB	438.9 MB
281	93/124c27	3394844	nifti_converter (27)	COMPLETED	0	2025-10-27 00:41:36.934	2s	1.5s	100.7%	72.8 MB	112 MB	7.4 MB	80 MB
282	5f/c45fac	3395871	roi_creator (27)	COMPLETED	0	2025-10-27 00:41:39.974	2m 53s	2m 52s	100.0%	198.8 MB	307.9 MB	4.9 GB	10.3 MB
15	51/42d1bd	2708163	fastsurfer (15)	COMPLETED	0	2025-10-26 23:54:35.116	52m 5s	52m 5s	802.9%	13 GB	525.7 GB	3.6 GB	408.3 MB
283	0c/a911b8	3479467	nifti_converter (28)	COMPLETED	0	2025-10-27 00:46:41.248	2s	1.4s	99.8%	72.8 MB	112 MB	7.5 MB	80 MB
284	0c/a3d5d1	3480268	roi_creator (28)	COMPLETED	0	2025-10-27 00:46:44.215	2m 54s	2m 54s	99.9%	198.8 MB	307.9 MB	4.9 GB	10.2 MB
72	b4/4ebc19	2805419	fastsurfer (72)	COMPLETED	0	2025-10-27 00:01:12.458	54m 45s	54m 45s	867.6%	12.9 GB	525.6 GB	3.5 GB	396.3 MB
285	db/204f7d	3607027	nifti_converter (29)	COMPLETED	0	2025-10-27 00:55:58.949	1.8s	1.2s	100.1%	73.5 MB	112 MB	7.6 MB	80 MB
286	14/eaf6b5	3608041	roi_creator (29)	COMPLETED	0	2025-10-27 00:56:01.720	2m 44s	2m 43s	100.1%	198.8 MB	307.9 MB	4.9 GB	10.2 MB
27	35/f4d72e	2988397	fastsurfer (27)	COMPLETED	0	2025-10-27 00:10:28.579	1h 8m 52s	1h 8m 51s	1260.0%	12.7 GB	525.4 GB	3.6 GB	403.2 MB
287	55/02a5ed	3806996	nifti_converter (30)	COMPLETED	0	2025-10-27 01:19:21.337	1.9s	1.4s	100.0%	73.5 MB	112 MB	7.1 MB	80 MB
288	02/52259a	3807514	roi_creator (30)	COMPLETED	0	2025-10-27 01:19:24.239	2m 34s	2m 33s	100.2%	198.8 MB	307.9 MB	4.9 GB	10.2 MB
31	7a/2f0d36	2994988	fastsurfer (31)	COMPLETED	0	2025-10-27 00:10:47.915	1h 11m 36s	1h 11m 36s	1099.7%	12.5 GB	525 GB	3.6 GB	414.3 MB
289	24/1c038b	3877212	nifti_converter (31)	COMPLETED	0	2025-10-27 01:22:24.391	1.6s	1s	100.3%	11.3 MB	62.4 MB	7.4 MB	80 MB
290	ca/bec440	3878554	roi_creator (31)	COMPLETED	0	2025-10-27 01:22:26.987	2m 19s	2m 18s	100.3%	198.8 MB	307.9 MB	4.9 GB	10.2 MB
67	ec/5c8e09	2920311	fastsurfer (67)	COMPLETED	0	2025-10-27 00:08:31.219	1h 16m 36s	1h 16m 36s	1134.8%	12.5 GB	525 GB	3.7 GB	420.9 MB
291	a4/2938a2	3953223	nifti_converter (32)	COMPLETED	0	2025-10-27 01:25:08.409	1.4s	848ms	100.7%	13.5 MB	62.4 MB	7.3 MB	80 MB
292	7f/bcb588	3954057	roi_creator (32)	COMPLETED	0	2025-10-27 01:25:10.850	2m 13s	2m 12s	100.2%	198.8 MB	307.9 MB	4.9 GB	10.2 MB
19	00/108b29	3394253	fastsurfer (19)	COMPLETED	0	2025-10-27 00:41:35.927	46m 58s	46m 58s	875.8%	13 GB	525.7 GB	3.4 GB	372 MB
293	cb/4d4dbd	4042007	nifti_converter (33)	COMPLETED	0	2025-10-27 01:28:34.152	1.7s	1s	99.8%	13.5 MB	62.4 MB	7.1 MB	80 MB
294	9c/fbe7f8	4043174	roi_creator (33)	COMPLETED	0	2025-10-27 01:28:36.812	2m 13s	2m 12s	100.2%	198.8 MB	307.9 MB	4.9 GB	10.2 MB
34	3b/f6f61b	3255842	fastsurfer (34)	COMPLETED	0	2025-10-27 00:28:10.699	1h 4m 49s	1h 4m 48s	969.6%	12.9 GB	525.6 GB	3.7 GB	421.9 MB
295	c2/b539a8	4149291	nifti_converter (34)	COMPLETED	0	2025-10-27 01:33:00.387	1.5s	913ms	100.2%	10.5 MB	62.4 MB	7.4 MB	80 MB
296	9b/67336f	4149932	roi_creator (34)	COMPLETED	0	2025-10-27 01:33:02.898	2m 10s	2m 9s	100.2%	198.8 MB	307.9 MB	4.9 GB	10.2 MB
84	52/40773e	3478920	fastsurfer (84)	COMPLETED	0	2025-10-27 00:46:40.240	57m 58s	57m 57s	855.6%	13 GB	525.7 GB	3.7 GB	431.1 MB
297	bc/58ed7e	119794	nifti_converter (35)	COMPLETED	0	2025-10-27 01:44:38.819	2s	1.4s	99.6%	72.8 MB	112 MB	7.6 MB	80 MB
298	5a/0460f5	120329	roi_creator (35)	COMPLETED	0	2025-10-27 01:44:41.872	2m 54s	2m 53s	100.0%	198.8 MB	307.9 MB	4.9 GB	10.3 MB
58	8e/0d4f8d	3606211	fastsurfer (58)	COMPLETED	0	2025-10-27 00:55:57.941	59m 3s	59m 2s	744.4%	12.7 GB	525.4 GB	3.7 GB	420.7 MB
299	6b/533ddd	245862	nifti_converter (36)	COMPLETED	0	2025-10-27 01:55:01.873	1.8s	1.3s	101.0%	73.5 MB	112 MB	7.5 MB	80 MB
300	8d/117883	246669	roi_creator (36)	COMPLETED	0	2025-10-27 01:55:04.717	2m 53s	2m 53s	99.9%	198.8 MB	307.9 MB	4.9 GB	10.2 MB
52	7f/ce57e0	4042006	fastsurfer (52)	COMPLETED	0	2025-10-27 01:28:34.146	1h 23m 3s	1h 23m 2s	1025.1%	13 GB	525.7 GB	3.5 GB	390.8 MB
301	cb/05da51	564818	nifti_converter (37)	COMPLETED	0	2025-10-27 02:51:37.203	2.1s	1.5s	98.8%	73.5 MB	112 MB	7 MB	80 MB
302	fd/d6840f	565805	roi_creator (37)	COMPLETED	0	2025-10-27 02:51:40.319	2m 45s	2m 45s	100.1%	198.8 MB	307.9 MB	4.9 GB	10.2 MB
13	9c/8893eb	3877209	fastsurfer (13)	COMPLETED	0	2025-10-27 01:22:24.387	1h 46m 27s	1h 46m 27s	1077.5%	13 GB	525.8 GB	3.7 GB	419.7 MB
303	b5/31545c	719108	nifti_converter (38)	COMPLETED	0	2025-10-27 03:08:52.699	1.4s	826ms	101.1%	12.8 MB	62.4 MB	7.1 MB	80 MB
304	09/9bbc37	719998	roi_creator (38)	COMPLETED	0	2025-10-27 03:08:55.152	2m 11s	2m 11s	100.4%	198.8 MB	307.9 MB	4.9 GB	10.2 MB
95	52/046879	3806387	fastsurfer (95)	COMPLETED	0	2025-10-27 01:19:20.328	1h 52m 24s	1h 52m 23s	1038.4%	12.7 GB	525.4 GB	3.9 GB	458.1 MB
305	b4/ab7ee9	791409	nifti_converter (39)	COMPLETED	0	2025-10-27 03:11:45.286	1.5s	950ms	100.7%	12.8 MB	62.4 MB	7.9 MB	80 MB
306	e5/0a8585	792502	roi_creator (39)	COMPLETED	0	2025-10-27 03:11:47.837	2m 20s	2m 20s	100.2%	198.8 MB	307.9 MB	4.9 GB	10.3 MB
2	bf/8b8f05	245283	fastsurfer (2)	COMPLETED	0	2025-10-27 01:55:00.866	1h 19m 12s	1h 19m 12s	1156.9%	12.7 GB	525.5 GB	3.5 GB	395.6 MB
307	05/5df8e3	863802	nifti_converter (40)	COMPLETED	0	2025-10-27 03:14:14.222	1.6s	1s	99.5%	10.5 MB	62.4 MB	7.1 MB	80 MB
89	c9/da585d	3952491	fastsurfer (89)	COMPLETED	0	2025-10-27 01:25:07.401	1h 50m 28s	1h 50m 27s	1184.9%	12.5 GB	525 GB	3.9 GB	454.4 MB
309	bd/c87178	924153	nifti_converter (41)	COMPLETED	0	2025-10-27 03:15:35.079	1.7s	1.2s	98.7%	72.8 MB	112 MB	7.6 MB	80 MB
35	89/65b15d	4148746	fastsurfer (35)	COMPLETED	0	2025-10-27 01:32:59.381	1h 43m 33s	1h 43m 32s	1103.5%	12.5 GB	525 GB	3.6 GB	407.3 MB
308	0a/c62e37	864782	roi_creator (40)	COMPLETED	0	2025-10-27 03:14:16.788	2m 16s	2m 15s	100.3%	198.8 MB	307.9 MB	4.9 GB	10.2 MB
311	60/f74fc8	986287	nifti_converter (42)	COMPLETED	0	2025-10-27 03:16:32.561	1.5s	892ms	100.7%	11.3 MB	62.4 MB	7.2 MB	80 MB
310	e9/d07490	926110	roi_creator (41)	COMPLETED	0	2025-10-27 03:15:37.808	2m 10s	2m 10s	100.3%	198.8 MB	307.9 MB	4.9 GB	10.3 MB
312	49/e2c43e	988799	roi_creator (42)	COMPLETED	0	2025-10-27 03:16:35.103	2m 5s	2m 4s	100.3%	198.8 MB	307.9 MB	4.9 GB	10.2 MB
94	4c/41400f	119138	fastsurfer (94)	COMPLETED	0	2025-10-27 01:44:37.812	1h 45m 2s	1h 45m 1s	1078.3%	13 GB	525.7 GB	3.8 GB	447.7 MB
313	89/e4ec72	1200087	nifti_converter (43)	COMPLETED	0	2025-10-27 03:29:40.648	1.8s	1.3s	100.3%	72.8 MB	112 MB	8 MB	80 MB
314	23/cee72a	1200608	roi_creator (43)	COMPLETED	0	2025-10-27 03:29:43.497	2m 35s	2m 35s	100.1%	198.8 MB	307.9 MB	4.9 GB	10.3 MB
73	8c/de4481	564812	fastsurfer (73)	COMPLETED	0	2025-10-27 02:51:37.194	48m 14s	48m 14s	802.6%	13 GB	525.7 GB	3.5 GB	401.8 MB
315	f2/ae31eb	1331019	nifti_converter (44)	COMPLETED	0	2025-10-27 03:39:51.519	2.1s	1.5s	99.5%	72.8 MB	112 MB	7.4 MB	80 MB
316	84/eb547f	1332047	roi_creator (44)	COMPLETED	0	2025-10-27 03:39:54.594	2m 52s	2m 52s	100.0%	198.8 MB	307.9 MB	4.9 GB	10.2 MB
8	57/eeb1b9	863024	fastsurfer (8)	COMPLETED	0	2025-10-27 03:14:13.216	1h 25m 12s	1h 25m 12s	1188.5%	12.5 GB	525 GB	3.4 GB	379.1 MB
317	73/5ff08f	1679982	nifti_converter (45)	COMPLETED	0	2025-10-27 04:39:26.469	2.1s	1.4s	100.1%	72.8 MB	112 MB	7.2 MB	80 MB
318	1c/63a36c	1680497	roi_creator (45)	COMPLETED	0	2025-10-27 04:39:29.545	2m 53s	2m 52s	99.9%	198.8 MB	307.9 MB	4.9 GB	10.2 MB
49	2b/d481d6	718154	fastsurfer (49)	COMPLETED	0	2025-10-27 03:08:51.691	1h 49m 25s	1h 49m 25s	1064.8%	12.9 GB	525.6 GB	3.8 GB	444.9 MB
319	e9/a48117	1839261	nifti_converter (46)	COMPLETED	0	2025-10-27 04:58:16.960	1.6s	992ms	101.5%	13.5 MB	62.4 MB	7.1 MB	80 MB
320	43/263ef6	1840319	roi_creator (46)	COMPLETED	0	2025-10-27 04:58:19.559	2m 6s	2m 5s	100.3%	198.8 MB	307.9 MB	4.9 GB	10.3 MB
54	6e/a6d85c	790869	fastsurfer (54)	COMPLETED	0	2025-10-27 03:11:44.277	1h 49m 45s	1h 49m 44s	977.6%	13 GB	525.7 GB	3.8 GB	439.1 MB
321	fb/085161	1912293	nifti_converter (47)	COMPLETED	0	2025-10-27 05:01:28.890	1.7s	1s	100.5%	10.5 MB	62.4 MB	7.5 MB	80 MB
322	60/da264b	1913440	roi_creator (47)	COMPLETED	0	2025-10-27 05:01:31.567	2m 18s	2m 18s	100.3%	198.8 MB	307.9 MB	4.9 GB	10.3 MB
4	c3/62fdca	924142	fastsurfer (4)	COMPLETED	0	2025-10-27 03:15:35.067	1h 48m 48s	1h 48m 47s	1148.8%	12.9 GB	525.6 GB	3.7 GB	427.3 MB
323	40/c93871	1989468	nifti_converter (48)	COMPLETED	0	2025-10-27 05:04:22.811	1.6s	1.1s	99.5%	73.5 MB	112 MB	7.6 MB	80 MB
324	c4/31ab6b	1991001	roi_creator (48)	COMPLETED	0	2025-10-27 05:04:25.465	2m 12s	2m 11s	100.3%	198.8 MB	307.9 MB	4.9 GB	10.3 MB
65	ec/b6a678	983975	fastsurfer (65)	COMPLETED	0	2025-10-27 03:16:31.895	1h 50m 26s	1h 50m 26s	1165.0%	12.5 GB	525 GB	3.7 GB	431.4 MB
325	c9/9c2237	2069181	nifti_converter (49)	COMPLETED	0	2025-10-27 05:06:59.298	1.5s	863ms	102.5%	13.5 MB	62.4 MB	7.6 MB	80 MB
63	33/e79d84	1331010	fastsurfer (63)	COMPLETED	0	2025-10-27 03:39:51.510	1h 28m 49s	1h 28m 48s	1253.7%	12.5 GB	525 GB	3.7 GB	419.7 MB
327	6d/65f708	2142296	nifti_converter (50)	COMPLETED	0	2025-10-27 05:08:40.554	2s	1.3s	100.0%	73.5 MB	112 MB	7.7 MB	80 MB
326	da/992b06	2069721	roi_creator (49)	COMPLETED	0	2025-10-27 05:07:01.783	2m 18s	2m 18s	100.3%	198.8 MB	307.9 MB	4.9 GB	10.2 MB
328	92/792431	2144751	roi_creator (50)	COMPLETED	0	2025-10-27 05:08:43.524	2m 16s	2m 15s	100.3%	198.8 MB	307.9 MB	4.9 GB	10.2 MB
90	e9/df652b	1199510	fastsurfer (90)	COMPLETED	0	2025-10-27 03:29:39.641	1h 43m 58s	1h 43m 57s	987.1%	12.7 GB	525.4 GB	3.7 GB	420.5 MB
329	1f/bf674d	2258560	nifti_converter (51)	COMPLETED	0	2025-10-27 05:13:37.616	1.5s	901ms	99.7%	10.5 MB	62.4 MB	7.5 MB	80 MB
330	b5/56f5d0	2260202	roi_creator (51)	COMPLETED	0	2025-10-27 05:13:40.084	2m 18s	2m 18s	100.2%	198.8 MB	307.9 MB	4.9 GB	10.2 MB
1	a7/2f1a8a	1679381	fastsurfer (1)	COMPLETED	0	2025-10-27 04:39:25.457	58m 40s	58m 39s	766.0%	13.1 GB	525.8 GB	3.8 GB	439.6 MB
331	d0/9d799e	2496027	nifti_converter (52)	COMPLETED	0	2025-10-27 05:38:05.644	2s	1.4s	97.8%	73.5 MB	112 MB	7.6 MB	80 MB
332	f1/fda509	2497018	roi_creator (52)	COMPLETED	0	2025-10-27 05:38:08.675	2m 54s	2m 54s	99.8%	198.8 MB	307.9 MB	4.9 GB	10.3 MB
53	6f/30797e	1839257	fastsurfer (53)	COMPLETED	0	2025-10-27 04:58:16.955	1h 1m 5s	1h 1m 4s	996.5%	12.5 GB	525 GB	3.6 GB	408.1 MB
333	e4/9e8f1d	2664695	nifti_converter (53)	COMPLETED	0	2025-10-27 05:59:22.884	2s	1.4s	99.0%	73.5 MB	112 MB	7.7 MB	80 MB
334	ce/db6e3b	2665499	roi_creator (53)	COMPLETED	0	2025-10-27 05:59:25.886	2m 54s	2m 54s	99.8%	198.8 MB	307.9 MB	4.9 GB	10.2 MB
23	ce/b79cf9	1912291	fastsurfer (23)	COMPLETED	0	2025-10-27 05:01:28.883	1h 31m 40s	1h 31m 39s	1198.6%	13.1 GB	525.8 GB	3.4 GB	384.1 MB
335	19/f0f6f6	2898431	nifti_converter (54)	COMPLETED	0	2025-10-27 06:33:08.527	1.7s	1.2s	100.0%	73.5 MB	112 MB	7.3 MB	80 MB
336	64/2647ae	2899538	roi_creator (54)	COMPLETED	0	2025-10-27 06:33:11.282	2m 29s	2m 28s	100.2%	198.8 MB	307.9 MB	4.9 GB	10.2 MB
60	62/abfa83	2258547	fastsurfer (60)	COMPLETED	0	2025-10-27 05:13:37.603	1h 26m 51s	1h 26m 50s	1293.6%	12.9 GB	525.6 GB	3.6 GB	417.6 MB
337	f3/7e202e	2999438	nifti_converter (55)	COMPLETED	0	2025-10-27 06:40:29.253	1.4s	822ms	100.0%	15 MB	62.4 MB	7.6 MB	80 MB
338	b5/2e9cc9	3000121	roi_creator (55)	COMPLETED	0	2025-10-27 06:40:31.706	2m 3s	2m 3s	100.3%	198.8 MB	307.9 MB	4.9 GB	10.2 MB
70	c3/2267d5	1989462	fastsurfer (70)	COMPLETED	0	2025-10-27 05:04:22.805	1h 43m 1s	1h 43m	1271.2%	12.7 GB	525.4 GB	3.5 GB	395.2 MB
339	b5/946ad7	3106397	nifti_converter (56)	COMPLETED	0	2025-10-27 06:47:24.846	1.5s	939ms	100.8%	12.8 MB	62.4 MB	7.1 MB	80 MB
25	cc/8a4787	2068120	fastsurfer (25)	COMPLETED	0	2025-10-27 05:06:58.287	1h 41m 13s	1h 41m 13s	963.1%	12.5 GB	525 GB	3.7 GB	432.4 MB
341	37/21caa0	3150179	nifti_converter (57)	COMPLETED	0	2025-10-27 06:48:11.570	1.5s	969ms	101.3%	10.5 MB	62.4 MB	7.4 MB	80 MB
340	e4/b111ee	3106973	roi_creator (56)	COMPLETED	0	2025-10-27 06:47:27.391	2m 9s	2m 8s	100.3%	198.8 MB	307.9 MB	4.9 GB	10.2 MB
42	7f/1e9d78	2496025	fastsurfer (42)	COMPLETED	0	2025-10-27 05:38:05.638	1h 12m 13s	1h 12m 12s	967.0%	13.1 GB	525.8 GB	3.4 GB	380.2 MB
342	96/d72020	3157566	roi_creator (57)	COMPLETED	0	2025-10-27 06:48:14.103	2m 5s	2m 5s	100.3%	198.8 MB	307.9 MB	4.9 GB	10.3 MB
343	54/bc1036	3239626	nifti_converter (58)	COMPLETED	0	2025-10-27 06:50:19.256	1.5s	813ms	101.5%	14.2 MB	62.4 MB	7.3 MB	80 MB
344	a8/e7d530	3241157	roi_creator (58)	COMPLETED	0	2025-10-27 06:50:21.719	2m 22s	2m 21s	100.3%	198.8 MB	307.9 MB	4.9 GB	10.2 MB
145	7a/7f8fb7	2142289	fastsurfer (145)	COMPLETED	0	2025-10-27 05:08:40.546	1h 48m 36s	1h 48m 36s	1056.2%	12.5 GB	525 GB	3.7 GB	433.7 MB
345	5f/394f56	3375238	nifti_converter (59)	COMPLETED	0	2025-10-27 06:57:17.860	1.6s	940ms	100.5%	12.8 MB	62.4 MB	7.4 MB	80 MB
346	8f/441b9e	3375677	roi_creator (59)	COMPLETED	0	2025-10-27 06:57:20.453	2m 30s	2m 29s	100.1%	198.8 MB	307.9 MB	4.9 GB	10.3 MB
82	ec/621d32	2664012	fastsurfer (82)	COMPLETED	0	2025-10-27 05:59:21.878	1h 10m 23s	1h 10m 22s	864.4%	13.1 GB	525.8 GB	3.7 GB	423.5 MB
347	8a/4d7438	3533324	nifti_converter (60)	COMPLETED	0	2025-10-27 07:09:45.711	1.8s	1.2s	100.2%	73.5 MB	112 MB	7.6 MB	80 MB
348	3d/0cdbdc	3533845	roi_creator (60)	COMPLETED	0	2025-10-27 07:09:48.495	2m 53s	2m 52s	100.1%	198.8 MB	307.9 MB	4.9 GB	10.2 MB
77	a7/12f3ca	2898421	fastsurfer (77)	COMPLETED	0	2025-10-27 06:33:08.520	46m 59s	46m 59s	767.9%	12.5 GB	525 GB	3.4 GB	378.6 MB
349	5b/030817	3660748	nifti_converter (61)	COMPLETED	0	2025-10-27 07:20:07.976	2s	1.4s	98.5%	73.5 MB	112 MB	7.5 MB	80 MB
350	06/4baf09	3662050	roi_creator (61)	COMPLETED	0	2025-10-27 07:20:10.986	2m 53s	2m 53s	100.0%	198.8 MB	307.9 MB	4.9 GB	10.1 MB
87	2c/e6aa0f	2998840	fastsurfer (87)	COMPLETED	0	2025-10-27 06:40:28.244	1h 1m 44s	1h 1m 43s	876.2%	13 GB	525.7 GB	3.8 GB	446.3 MB
351	93/b505fc	3838756	nifti_converter (62)	COMPLETED	0	2025-10-27 07:42:12.361	2s	1.4s	99.0%	73.5 MB	112 MB	8 MB	80 MB
352	3f/b40159	3839786	roi_creator (62)	COMPLETED	0	2025-10-27 07:42:15.413	2m 53s	2m 52s	100.1%	198.8 MB	307.9 MB	4.9 GB	10.3 MB
92	f3/5b996e	3105772	fastsurfer (92)	COMPLETED	0	2025-10-27 06:47:23.839	1h 9m 29s	1h 9m 29s	1253.0%	12.5 GB	525 GB	3.4 GB	372.3 MB
353	9b/71a104	3979592	nifti_converter (63)	COMPLETED	0	2025-10-27 07:56:53.050	2s	1.4s	99.7%	72.8 MB	112 MB	6.8 MB	80 MB
354	c0/0d0050	3980696	roi_creator (63)	COMPLETED	0	2025-10-27 07:56:56.056	2m 55s	2m 54s	99.8%	198.8 MB	307.9 MB	4.9 GB	10.2 MB
37	2f/5eef23	3150143	fastsurfer (37)	COMPLETED	0	2025-10-27 06:48:11.564	1h 59m 37s	1h 59m 36s	1119.3%	12.5 GB	525 GB	3.9 GB	453.8 MB
355	bc/d297f9	99317	nifti_converter (64)	COMPLETED	0	2025-10-27 08:47:49.534	1.5s	842ms	101.2%	14.2 MB	62.4 MB	7.4 MB	80 MB
62	8e/a8556d	3374082	fastsurfer (62)	COMPLETED	0	2025-10-27 06:57:16.851	1h 52m 26s	1h 52m 25s	1026.9%	12.7 GB	525.4 GB	3.8 GB	441.8 MB
357	0f/4be84c	162794	nifti_converter (65)	COMPLETED	0	2025-10-27 08:49:42.572	1.5s	876ms	101.5%	13.5 MB	62.4 MB	7.3 MB	80 MB
356	26/9304c3	99798	roi_creator (64)	COMPLETED	0	2025-10-27 08:47:52.023	2m 2s	2m 1s	100.3%	198.8 MB	307.9 MB	4.9 GB	10.3 MB
358	fd/8fdb5b	164753	roi_creator (65)	COMPLETED	0	2025-10-27 08:49:45.089	2m	1m 59s	100.3%	198.8 MB	307.9 MB	4.9 GB	10.3 MB
40	1e/313fc8	3239020	fastsurfer (40)	COMPLETED	0	2025-10-27 06:50:18.614	2h 2m 1s	2h 2m	1198.4%	12.5 GB	525 GB	3.8 GB	441.7 MB
359	ef/01fec3	234446	nifti_converter (66)	COMPLETED	0	2025-10-27 08:52:20.258	1.5s	912ms	100.2%	15 MB	62.4 MB	7.7 MB	80 MB
360	71/4de8e9	235261	roi_creator (66)	COMPLETED	0	2025-10-27 08:52:22.810	1m 57s	1m 57s	100.3%	198.8 MB	307.9 MB	4.9 GB	10.3 MB
24	b0/ef9040	3532564	fastsurfer (24)	COMPLETED	0	2025-10-27 07:09:44.704	1h 44m 58s	1h 44m 57s	1145.0%	13.1 GB	525.8 GB	3.7 GB	426.6 MB
361	05/190499	309337	nifti_converter (67)	COMPLETED	0	2025-10-27 08:54:42.721	1.5s	862ms	100.6%	13.5 MB	62.4 MB	7.1 MB	80 MB
362	ef/5efbc0	310447	roi_creator (67)	COMPLETED	0	2025-10-27 08:54:45.226	2m 4s	2m 4s	100.3%	198.8 MB	307.9 MB	4.9 GB	10.3 MB
43	1a/748d60	3660738	fastsurfer (43)	COMPLETED	0	2025-10-27 07:20:07.967	1h 40m 47s	1h 40m 47s	1237.0%	12.7 GB	525.4 GB	3.7 GB	430.5 MB
363	a0/dc380b	445891	nifti_converter (68)	COMPLETED	0	2025-10-27 09:00:55.440	1.7s	1s	100.3%	12.8 MB	62.4 MB	7.6 MB	80 MB
76	fd/e9da9f	3979586	fastsurfer (76)	COMPLETED	0	2025-10-27 07:56:53.045	1h 4m 8s	1h 4m 7s	1142.3%	12.9 GB	525.6 GB	3.6 GB	404 MB
365	81/b3afee	449087	nifti_converter (69)	COMPLETED	0	2025-10-27 09:01:01.716	1.4s	840ms	100.6%	13.5 MB	62.4 MB	7.5 MB	80 MB
14	d9/85e26e	3838750	fastsurfer (14)	COMPLETED	0	2025-10-27 07:42:12.356	1h 21m 9s	1h 21m 8s	1141.4%	13.1 GB	525.8 GB	3.6 GB	404.1 MB
367	1f/beb84a	582711	nifti_converter (70)	COMPLETED	0	2025-10-27 09:03:22.313	1.5s	870ms	100.7%	12.8 MB	62.4 MB	7.5 MB	80 MB
364	6a/739404	447079	roi_creator (68)	COMPLETED	0	2025-10-27 09:00:58.137	2m 28s	2m 27s	100.1%	198.8 MB	307.9 MB	4.9 GB	10.2 MB
366	3d/c22d19	449951	roi_creator (69)	COMPLETED	0	2025-10-27 09:01:04.172	2m 27s	2m 26s	100.1%	198.8 MB	307.9 MB	4.9 GB	10.2 MB
368	24/2f8c30	583569	roi_creator (70)	COMPLETED	0	2025-10-27 09:03:24.776	2m 12s	2m 11s	100.2%	198.8 MB	307.9 MB	4.9 GB	10.2 MB
81	c7/2f52b7	162788	fastsurfer (81)	COMPLETED	0	2025-10-27 08:49:42.564	50m 10s	50m 9s	972.1%	12.5 GB	525 GB	3.4 GB	378.5 MB
369	37/74fd3e	895467	nifti_converter (71)	COMPLETED	0	2025-10-27 09:39:53.558	2.1s	1.5s	99.2%	73.5 MB	112 MB	7.6 MB	80 MB
370	6e/d72b65	896434	roi_creator (71)	COMPLETED	0	2025-10-27 09:39:56.690	2m 54s	2m 53s	99.8%	198.8 MB	307.9 MB	4.9 GB	10.2 MB
36	36/3bdadc	309332	fastsurfer (36)	COMPLETED	0	2025-10-27 08:54:42.715	1h 19m 56s	1h 19m 56s	1049.6%	12.7 GB	525.4 GB	3.5 GB	390.6 MB
371	15/88b37b	1122668	nifti_converter (72)	COMPLETED	0	2025-10-27 10:14:40.045	1.7s	1.1s	101.2%	73.5 MB	112 MB	7 MB	80 MB
372	82/1bf390	1123374	roi_creator (72)	COMPLETED	0	2025-10-27 10:14:42.758	2m 51s	2m 50s	100.2%	198.8 MB	307.9 MB	4.9 GB	10.2 MB
6	0e/84841f	98553	fastsurfer (6)	COMPLETED	0	2025-10-27 08:47:48.524	1h 37m 8s	1h 37m 7s	964.9%	13 GB	525.7 GB	3.9 GB	454.8 MB
373	9c/910b90	1238369	nifti_converter (73)	COMPLETED	0	2025-10-27 10:24:57.583	1.7s	1.2s	101.1%	73.5 MB	112 MB	7.6 MB	80 MB
374	cf/07adf1	1239226	roi_creator (73)	COMPLETED	0	2025-10-27 10:25:00.332	2m 54s	2m 53s	100.1%	198.8 MB	307.9 MB	4.9 GB	10.3 MB
75	9f/9ae9f0	233835	fastsurfer (75)	COMPLETED	0	2025-10-27 08:52:19.246	1h 40m 9s	1h 40m 8s	1137.9%	12.7 GB	525.5 GB	3.6 GB	416.8 MB
375	74/840e17	1340265	nifti_converter (74)	COMPLETED	0	2025-10-27 10:32:29.072	1.9s	1.3s	99.4%	73.5 MB	112 MB	7.4 MB	80 MB
376	17/31abfe	1341128	roi_creator (74)	COMPLETED	0	2025-10-27 10:32:32.004	2m 52s	2m 52s	100.1%	198.8 MB	307.9 MB	4.9 GB	10.2 MB
12	43/564f6b	448157	fastsurfer (12)	COMPLETED	0	2025-10-27 09:01:00.706	1h 44m 49s	1h 44m 48s	1122.9%	12.5 GB	525 GB	3.5 GB	389.3 MB
377	1e/72095d	1485184	nifti_converter (75)	COMPLETED	0	2025-10-27 10:45:50.569	2.1s	1.4s	98.9%	73.5 MB	112 MB	7.2 MB	80 MB
378	f0/36a688	1485817	roi_creator (75)	COMPLETED	0	2025-10-27 10:45:53.665	2m 57s	2m 56s	99.8%	198.8 MB	307.9 MB	4.9 GB	10.2 MB
55	df/c63cee	894611	fastsurfer (55)	COMPLETED	0	2025-10-27 09:39:52.551	1h 23m 38s	1h 23m 37s	1324.5%	13 GB	525.8 GB	3.5 GB	391.5 MB
379	c6/8fa9d6	1657053	nifti_converter (76)	COMPLETED	0	2025-10-27 11:03:31.553	2.1s	1.5s	100.5%	73.5 MB	112 MB	7.3 MB	80 MB
380	cd/35a7ba	1657564	roi_creator (76)	COMPLETED	0	2025-10-27 11:03:34.679	2m 51s	2m 50s	100.1%	198.8 MB	307.9 MB	4.9 GB	10.2 MB
71	56/4bbb2c	582022	fastsurfer (71)	COMPLETED	0	2025-10-27 09:03:21.303	2h 5m 57s	2h 5m 57s	1293.9%	13 GB	525.7 GB	3.8 GB	438.4 MB
381	6e/f01c54	1748436	nifti_converter (77)	COMPLETED	0	2025-10-27 11:09:19.719	1.8s	1.3s	100.5%	73.5 MB	112 MB	7.7 MB	80 MB
382	d3/2bf767	1749260	roi_creator (77)	COMPLETED	0	2025-10-27 11:09:22.542	2m 37s	2m 36s	100.2%	198.8 MB	307.9 MB	4.9 GB	10.3 MB
48	d2/022fe3	445890	fastsurfer (48)	COMPLETED	0	2025-10-27 09:00:55.435	2h 11m 48s	2h 11m 47s	1375.1%	13 GB	525.8 GB	3.7 GB	428.1 MB
383	fe/450688	1830489	nifti_converter (78)	COMPLETED	0	2025-10-27 11:12:44.144	1.7s	1.1s	100.5%	73.5 MB	112 MB	7.6 MB	80 MB
384	b3/d405b8	1831191	roi_creator (78)	COMPLETED	0	2025-10-27 11:12:46.886	2m 30s	2m 29s	100.2%	198.8 MB	307.9 MB	4.9 GB	10.2 MB
7	48/30575b	1121935	fastsurfer (7)	COMPLETED	0	2025-10-27 10:14:39.039	1h 6m 43s	1h 6m 43s	980.5%	12.7 GB	525.4 GB	3.7 GB	433.9 MB
385	fd/1b8e9f	1962135	nifti_converter (79)	COMPLETED	0	2025-10-27 11:21:23.446	1.6s	972ms	100.7%	11.3 MB	62.4 MB	7.6 MB	80 MB
386	1e/978b44	1962787	roi_creator (79)	COMPLETED	0	2025-10-27 11:21:26.003	2m 22s	2m 22s	100.2%	198.8 MB	307.9 MB	4.9 GB	10.3 MB
28	21/29669b	1237794	fastsurfer (28)	COMPLETED	0	2025-10-27 10:24:56.577	1h 6m 43s	1h 6m 43s	1052.5%	12.5 GB	525 GB	3.5 GB	397.4 MB
387	82/3c70a9	2098094	nifti_converter (80)	COMPLETED	0	2025-10-27 11:31:41.054	1.6s	1.1s	100.1%	11.2 MB	62.4 MB	7.6 MB	80 MB
91	84/ad9cd9	1339661	fastsurfer (91)	COMPLETED	0	2025-10-27 10:32:28.065	59m 31s	59m 31s	1098.6%	12.5 GB	525 GB	3.6 GB	409.8 MB
389	fe/97f776	2102926	nifti_converter (81)	COMPLETED	0	2025-10-27 11:32:00.294	1.9s	1.4s	99.6%	72.8 MB	112 MB	7 MB	80 MB
69	8f/1e6c78	2097517	fastsurfer (69)	FAILED	1	2025-10-27 11:31:40.049	2m 33s	2m 32s	-	-	-	-	-
388	9c/72df1b	2098951	roi_creator (80)	COMPLETED	0	2025-10-27 11:31:43.666	2m 52s	2m 52s	100.0%	198.8 MB	307.9 MB	4.9 GB	10.2 MB
390	38/57b684	2103565	roi_creator (81)	COMPLETED	0	2025-10-27 11:32:03.247	2m 52s	2m 51s	100.0%	198.8 MB	307.9 MB	4.9 GB	10.2 MB
32	ae/6acf7f	1484561	fastsurfer (32)	COMPLETED	0	2025-10-27 10:45:49.562	1h 5m 2s	1h 5m 2s	783.1%	12.7 GB	525.4 GB	3.7 GB	431.6 MB
391	5b/8f86fe	2395703	nifti_converter (82)	COMPLETED	0	2025-10-27 11:50:52.915	1.9s	1.3s	100.6%	73.5 MB	112 MB	7.5 MB	80 MB
392	58/887faf	2396488	roi_creator (82)	COMPLETED	0	2025-10-27 11:50:55.796	2m 20s	2m 20s	100.2%	198.8 MB	307.9 MB	4.9 GB	10.3 MB
10	dc/2668be	1656452	fastsurfer (10)	COMPLETED	0	2025-10-27 11:03:30.545	56m 26s	56m 25s	834.8%	12.7 GB	525.4 GB	3.6 GB	412.8 MB
393	c7/1adb80	2513075	nifti_converter (83)	COMPLETED	0	2025-10-27 11:59:56.447	1.6s	1s	99.4%	11.3 MB	62.4 MB	7.4 MB	80 MB
394	2f/c467d9	2514379	roi_creator (83)	COMPLETED	0	2025-10-27 11:59:59.018	2m 28s	2m 27s	100.2%	198.8 MB	307.9 MB	4.9 GB	10.2 MB
21	bb/18bb11	1747863	fastsurfer (21)	COMPLETED	0	2025-10-27 11:09:18.713	58m 1s	58m	1014.6%	12.7 GB	525.4 GB	3.7 GB	419.2 MB
395	50/8fa197	2622054	nifti_converter (84)	COMPLETED	0	2025-10-27 12:07:20.578	1.5s	888ms	100.1%	11.3 MB	62.4 MB	7.7 MB	80 MB
93	e2/d082b6	1829888	fastsurfer (93)	COMPLETED	0	2025-10-27 11:12:43.137	56m 5s	56m 4s	952.8%	13 GB	525.8 GB	3.6 GB	410 MB
397	7d/48ed48	2683044	nifti_converter (85)	COMPLETED	0	2025-10-27 12:08:49.191	1.5s	930ms	100.4%	12 MB	62.4 MB	7.6 MB	80 MB
396	5a/4428b5	2622829	roi_creator (84)	COMPLETED	0	2025-10-27 12:07:23.050	2m 15s	2m 14s	100.3%	198.8 MB	307.9 MB	4.9 GB	10.3 MB
398	19/50535c	2684971	roi_creator (85)	COMPLETED	0	2025-10-27 12:08:51.702	2m 10s	2m 10s	100.2%	198.8 MB	307.9 MB	4.9 GB	10.2 MB
9	dc/d7fcea	2102199	fastsurfer (9)	COMPLETED	0	2025-10-27 11:31:59.288	45m 35s	45m 35s	809.6%	12.7 GB	525.4 GB	3.4 GB	380 MB
399	fa/fa2048	2824961	nifti_converter (86)	COMPLETED	0	2025-10-27 12:17:35.489	1.7s	1.2s	100.5%	73.5 MB	112 MB	7.1 MB	80 MB
56	2e/8aa718	1961535	fastsurfer (56)	COMPLETED	0	2025-10-27 11:21:22.439	56m 46s	56m 46s	857.6%	12.5 GB	525 GB	3.6 GB	415 MB
401	23/13423a	2839655	nifti_converter (87)	COMPLETED	0	2025-10-27 12:18:09.649	1.5s	945ms	101.6%	9.8 MB	62.4 MB	7.3 MB	80 MB
400	fd/e529cb	2825622	roi_creator (86)	COMPLETED	0	2025-10-27 12:17:38.199	2m 27s	2m 27s	100.2%	198.8 MB	307.9 MB	4.9 GB	10.2 MB
402	6c/d6abaf	2847481	roi_creator (87)	COMPLETED	0	2025-10-27 12:18:12.178	2m 34s	2m 33s	100.1%	198.8 MB	307.9 MB	4.9 GB	10.2 MB
44	21/4bde1a	2218595	fastsurfer (44)	COMPLETED	0	2025-10-27 11:34:12.597	1h 5m 5s	1h 5m 4s	783.9%	12.5 GB	525 GB	3.8 GB	439.5 MB
403	64/77f8f6	3095644	nifti_converter (88)	COMPLETED	0	2025-10-27 12:39:18.335	2s	1.4s	99.9%	73.5 MB	112 MB	7.5 MB	80 MB
404	78/135d74	3096294	roi_creator (88)	COMPLETED	0	2025-10-27 12:39:21.371	2m 58s	2m 57s	99.9%	198.8 MB	307.9 MB	4.9 GB	10.3 MB
29	49/e0011b	2395104	fastsurfer (29)	COMPLETED	0	2025-10-27 11:50:51.910	55m 20s	55m 20s	846.2%	13 GB	525.7 GB	3.7 GB	434.5 MB
405	24/c364ae	3193891	nifti_converter (89)	COMPLETED	0	2025-10-27 12:46:13.088	2.1s	1.5s	99.7%	73.5 MB	112 MB	7.6 MB	80 MB
406	7b/477a4f	3194952	roi_creator (89)	COMPLETED	0	2025-10-27 12:46:16.200	2m 52s	2m 52s	100.0%	198.8 MB	307.9 MB	4.9 GB	10.3 MB
38	74/3ab885	2513065	fastsurfer (38)	COMPLETED	0	2025-10-27 11:59:56.440	1h 6m 49s	1h 6m 48s	964.2%	13 GB	525.7 GB	3.8 GB	447.1 MB
407	4b/5ee603	3371601	nifti_converter (90)	COMPLETED	0	2025-10-27 13:06:46.399	2s	1.4s	98.6%	73.5 MB	112 MB	7.4 MB	80 MB
408	e4/acf091	3372769	roi_creator (90)	COMPLETED	0	2025-10-27 13:06:49.414	2m 54s	2m 54s	99.9%	198.8 MB	307.9 MB	4.9 GB	10.3 MB
88	98/f1e6e3	2621448	fastsurfer (88)	COMPLETED	0	2025-10-27 12:07:19.572	1h 16m 43s	1h 16m 42s	1263.2%	12.5 GB	525 GB	3.5 GB	389.3 MB
409	5a/90e8cb	3536517	nifti_converter (91)	COMPLETED	0	2025-10-27 13:24:03.540	2.1s	1.5s	98.5%	72.8 MB	112 MB	7.6 MB	80 MB
410	e5/df67c4	3537033	roi_creator (91)	COMPLETED	0	2025-10-27 13:24:06.617	2m 47s	2m 46s	100.1%	198.8 MB	307.9 MB	4.9 GB	10.2 MB
11	e7/1ba196	2682496	fastsurfer (11)	COMPLETED	0	2025-10-27 12:08:48.182	1h 26m 52s	1h 26m 52s	1302.7%	12.5 GB	525 GB	3.5 GB	397.8 MB
411	ba/4e56d5	3667637	nifti_converter (92)	COMPLETED	0	2025-10-27 13:35:41.631	2.1s	1.5s	99.9%	73.5 MB	112 MB	7.4 MB	80 MB
412	86/043c91	3668232	roi_creator (92)	COMPLETED	0	2025-10-27 13:35:44.767	2m 48s	2m 48s	100.0%	198.8 MB	307.9 MB	4.9 GB	10.2 MB
86	17/1acbd4	2823904	fastsurfer (86)	COMPLETED	0	2025-10-27 12:17:34.484	1h 23m 42s	1h 23m 41s	1143.1%	12.5 GB	525 GB	3.7 GB	429.7 MB
413	b2/88b2f2	3759939	nifti_converter (93)	COMPLETED	0	2025-10-27 13:41:16.336	1.8s	1.2s	101.1%	73.5 MB	112 MB	7.6 MB	80 MB
414	f4/7bbbc1	3761289	roi_creator (93)	COMPLETED	0	2025-10-27 13:41:19.160	2m 27s	2m 26s	100.2%	198.8 MB	307.9 MB	4.9 GB	10.2 MB
61	7f/e51b21	2836067	fastsurfer (61)	COMPLETED	0	2025-10-27 12:18:08.643	1h 28m 41s	1h 28m 40s	1081.0%	12.7 GB	525.4 GB	3.7 GB	427.7 MB
415	24/31824c	3860059	nifti_converter (94)	COMPLETED	0	2025-10-27 13:46:50.751	1.6s	985ms	100.9%	13.5 MB	62.4 MB	7.3 MB	80 MB
416	8c/c9c3cf	3860705	roi_creator (94)	COMPLETED	0	2025-10-27 13:46:53.325	2m 31s	2m 31s	100.2%	198.8 MB	307.9 MB	4.9 GB	10.2 MB
85	6d/3bbad4	3094882	fastsurfer (85)	COMPLETED	0	2025-10-27 12:39:17.330	1h 17m 59s	1h 17m 59s	1037.0%	12.7 GB	525.4 GB	3.6 GB	404.9 MB
417	58/3c1899	4002404	nifti_converter (95)	COMPLETED	0	2025-10-27 13:57:17.594	1.5s	907ms	100.1%	12 MB	62.4 MB	7.5 MB	80 MB
45	0f/7bc85c	3193292	fastsurfer (45)	COMPLETED	0	2025-10-27 12:46:12.082	1h 12m 14s	1h 12m 13s	980.6%	12.7 GB	525.5 GB	3.9 GB	453.1 MB
419	9b/c72a3f	4051921	nifti_converter (96)	COMPLETED	0	2025-10-27 13:58:26.094	1.9s	1.3s	99.6%	73.5 MB	112 MB	7.3 MB	80 MB
418	23/250d24	4002846	roi_creator (95)	COMPLETED	0	2025-10-27 13:57:20.138	2m 47s	2m 46s	99.9%	198.8 MB	307.9 MB	4.9 GB	10.2 MB
420	6c/7b03f1	4057793	roi_creator (96)	COMPLETED	0	2025-10-27 13:58:28.991	2m 36s	2m 35s	100.2%	198.8 MB	307.9 MB	4.9 GB	10.3 MB
97	70/b48843	3370961	fastsurfer (97)	COMPLETED	0	2025-10-27 13:06:45.392	1h 5m 54s	1h 5m 53s	892.2%	12.7 GB	525.5 GB	3.6 GB	419.3 MB
421	b6/15199a	42776	nifti_converter (97)	COMPLETED	0	2025-10-27 14:12:39.966	2.4s	1.7s	99.1%	72.8 MB	112 MB	7.6 MB	80 MB
422	ec/ae8e3e	43295	roi_creator (97)	COMPLETED	0	2025-10-27 14:12:43.382	2m 56s	2m 56s	99.8%	198.8 MB	307.9 MB	4.9 GB	10.2 MB
98	65/9b315f	3535934	fastsurfer (98)	COMPLETED	0	2025-10-27 13:24:02.532	54m 36s	54m 35s	888.5%	12.7 GB	525.5 GB	3.6 GB	409.9 MB
423	4d/88cbd0	140512	nifti_converter (98)	COMPLETED	0	2025-10-27 14:18:39.104	1.6s	1.1s	99.5%	73.5 MB	112 MB	7.8 MB	80 MB
424	02/0b6ad2	141609	roi_creator (98)	COMPLETED	0	2025-10-27 14:18:41.759	2m 42s	2m 42s	100.2%	198.8 MB	307.9 MB	4.9 GB	10.2 MB
191	ef/615428	3667035	fastsurfer (191)	COMPLETED	0	2025-10-27 13:35:40.624	1h 4m 44s	1h 4m 43s	785.1%	13 GB	525.7 GB	3.9 GB	456 MB
425	fc/ee096c	338280	nifti_converter (99)	COMPLETED	0	2025-10-27 14:40:25.725	2.1s	1.5s	100.1%	73.5 MB	112 MB	7.4 MB	80 MB
426	bf/3bbccc	339457	roi_creator (99)	COMPLETED	0	2025-10-27 14:40:28.793	2m 40s	2m 40s	100.2%	198.8 MB	307.9 MB	4.9 GB	10.3 MB
101	2c/10e026	3859486	fastsurfer (101)	COMPLETED	0	2025-10-27 13:46:49.745	58m 37s	58m 36s	1057.3%	13 GB	525.7 GB	3.5 GB	402.7 MB
427	39/b16868	423468	nifti_converter (100)	COMPLETED	0	2025-10-27 14:45:27.825	2.4s	1.3s	99.8%	73.5 MB	112 MB	7.8 MB	80 MB
428	24/e27ee6	424270	roi_creator (100)	COMPLETED	0	2025-10-27 14:45:31.200	2m 51s	2m 50s	100.2%	198.8 MB	307.9 MB	4.9 GB	10.2 MB
100	3a/54c02e	4000936	fastsurfer (100)	COMPLETED	0	2025-10-27 13:57:16.587	1h 5m 5s	1h 5m 4s	882.1%	12.9 GB	525.6 GB	3.8 GB	444.1 MB
429	44/671eef	591135	nifti_converter (101)	COMPLETED	0	2025-10-27 15:02:22.607	1.5s	986ms	100.5%	10.5 MB	62.4 MB	6.9 MB	80 MB
99	8d/62e66e	3759938	fastsurfer (99)	COMPLETED	0	2025-10-27 13:41:16.328	1h 22m 4s	1h 22m 3s	762.1%	13 GB	525.7 GB	3.8 GB	450.4 MB
431	06/471ca3	641622	nifti_converter (102)	COMPLETED	0	2025-10-27 15:03:20.941	2.3s	1.7s	99.8%	73.5 MB	112 MB	7.9 MB	80 MB
102	f5/665ce5	4051883	fastsurfer (102)	COMPLETED	0	2025-10-27 13:58:26.086	1h 5m 26s	1h 5m 26s	1065.5%	12.5 GB	525 GB	3.6 GB	408.1 MB
433	4b/279fd8	651987	nifti_converter (103)	COMPLETED	0	2025-10-27 15:03:53.303	1.4s	947ms	100.9%	10.5 MB	62.4 MB	7.4 MB	80 MB
430	6c/27791d	591967	roi_creator (101)	COMPLETED	0	2025-10-27 15:02:25.154	2m 30s	2m 30s	100.2%	198.8 MB	307.9 MB	4.9 GB	10.3 MB
432	55/92bdc6	644818	roi_creator (102)	COMPLETED	0	2025-10-27 15:03:24.246	2m 20s	2m 19s	100.2%	198.8 MB	307.9 MB	4.9 GB	10.3 MB
434	7c/215870	652504	roi_creator (103)	COMPLETED	0	2025-10-27 15:03:55.754	2m 15s	2m 15s	100.3%	198.8 MB	307.9 MB	4.9 GB	10.2 MB
104	91/d40088	139620	fastsurfer (104)	COMPLETED	0	2025-10-27 14:18:38.099	1h 5m 6s	1h 5m 6s	945.4%	13 GB	525.7 GB	3.7 GB	429.6 MB
435	21/9be6fc	926899	nifti_converter (104)	COMPLETED	0	2025-10-27 15:23:44.532	1.6s	979ms	100.2%	10.5 MB	62.4 MB	7.3 MB	80 MB
436	86/a9dfb7	928061	roi_creator (104)	COMPLETED	0	2025-10-27 15:23:47.099	2m 30s	2m 29s	100.3%	198.8 MB	307.9 MB	4.9 GB	10.3 MB
103	b9/dcd3a3	42187	fastsurfer (103)	COMPLETED	0	2025-10-27 14:12:38.961	1h 18m 31s	1h 18m 30s	1031.4%	12.5 GB	525 GB	4 GB	474.3 MB
437	ed/b24b15	1030232	nifti_converter (105)	COMPLETED	0	2025-10-27 15:31:09.668	2.1s	1.5s	99.9%	73.5 MB	112 MB	8 MB	80 MB
438	43/2630be	1031311	roi_creator (105)	COMPLETED	0	2025-10-27 15:31:12.766	2m 51s	2m 51s	100.1%	198.8 MB	307.9 MB	4.9 GB	10.3 MB
106	87/ff835c	337580	fastsurfer (106)	COMPLETED	0	2025-10-27 14:40:24.717	59m 3s	59m 3s	782.2%	12.7 GB	525.4 GB	3.7 GB	424.8 MB
439	6c/5387ee	1144457	nifti_converter (106)	COMPLETED	0	2025-10-27 15:39:27.940	1.7s	1.1s	100.3%	73.5 MB	112 MB	7.4 MB	80 MB
108	bc/21b89c	422910	fastsurfer (108)	COMPLETED	0	2025-10-27 14:45:26.816	55m 19s	55m 18s	787.7%	12.7 GB	525.4 GB	3.6 GB	414.2 MB
441	fe/16d8e9	1204109	nifti_converter (107)	COMPLETED	0	2025-10-27 15:40:46.354	1.8s	1.2s	99.2%	73.5 MB	112 MB	7.6 MB	80 MB
440	45/90002a	1145724	roi_creator (106)	COMPLETED	0	2025-10-27 15:39:30.643	2m 32s	2m 32s	100.2%	198.8 MB	307.9 MB	4.9 GB	10.2 MB
442	72/16b705	1205052	roi_creator (107)	COMPLETED	0	2025-10-27 15:40:49.161	2m 26s	2m 26s	100.2%	198.8 MB	307.9 MB	4.9 GB	10.2 MB
109	67/3bda0f	638894	fastsurfer (109)	COMPLETED	0	2025-10-27 15:03:19.933	49m 31s	49m 31s	867.7%	12.5 GB	525 GB	3.5 GB	387 MB
443	55/f4925e	1368351	nifti_converter (108)	COMPLETED	0	2025-10-27 15:52:52.197	1.8s	1.2s	100.2%	73.5 MB	112 MB	7.1 MB	80 MB
444	95/a3f232	1369475	roi_creator (108)	COMPLETED	0	2025-10-27 15:52:54.973	2m 49s	2m 49s	100.1%	198.8 MB	307.9 MB	4.9 GB	10.2 MB
111	5d/1b3e9e	651379	fastsurfer (111)	COMPLETED	0	2025-10-27 15:03:52.296	1h 1m 43s	1h 1m 42s	1073.0%	12.7 GB	525.5 GB	3.6 GB	409.5 MB
445	4d/382e15	1509821	nifti_converter (109)	COMPLETED	0	2025-10-27 16:05:36.075	2.2s	1.6s	99.9%	73.5 MB	112 MB	7.5 MB	80 MB
446	39/b95fe8	1510417	roi_creator (109)	COMPLETED	0	2025-10-27 16:05:39.242	2m 53s	2m 53s	99.8%	198.8 MB	307.9 MB	4.9 GB	10.2 MB
105	3e/665a04	590416	fastsurfer (105)	COMPLETED	0	2025-10-27 15:02:21.599	1h 21m 39s	1h 21m 38s	1007.2%	13 GB	525.8 GB	3.9 GB	458.9 MB
447	66/10a2c0	1676013	nifti_converter (110)	COMPLETED	0	2025-10-27 16:24:01.243	1.5s	1s	100.1%	10.5 MB	62.4 MB	7.5 MB	80 MB
448	ac/bc1f7c	1676516	roi_creator (110)	COMPLETED	0	2025-10-27 16:24:03.781	2m 24s	2m 23s	100.2%	198.8 MB	307.9 MB	4.9 GB	10.3 MB
205	00/05d134	1030231	fastsurfer (205)	COMPLETED	0	2025-10-27 15:31:09.661	57m 39s	57m 38s	846.7%	13 GB	525.7 GB	3.7 GB	427.3 MB
449	c9/7b717d	1761731	nifti_converter (111)	COMPLETED	0	2025-10-27 16:28:48.805	1.5s	967ms	99.3%	10.5 MB	62.4 MB	7.6 MB	80 MB
450	79/92e292	1763023	roi_creator (111)	COMPLETED	0	2025-10-27 16:28:51.329	2m 19s	2m 19s	100.3%	198.8 MB	307.9 MB	4.9 GB	10.2 MB
107	66/4f3418	926886	fastsurfer (107)	COMPLETED	0	2025-10-27 15:23:44.524	1h 9m 36s	1h 9m 35s	806.3%	12.7 GB	525.4 GB	3.9 GB	461.1 MB
451	7d/33e8f8	1852231	nifti_converter (112)	COMPLETED	0	2025-10-27 16:33:21.313	1.5s	923ms	99.5%	12.8 MB	62.4 MB	7.7 MB	80 MB
452	f9/d6004e	1852924	roi_creator (112)	COMPLETED	0	2025-10-27 16:33:23.836	2m 16s	2m 15s	100.2%	198.8 MB	307.9 MB	4.9 GB	10.3 MB
110	fa/775d12	1144456	fastsurfer (110)	COMPLETED	0	2025-10-27 15:39:27.935	1h 12s	1h 11s	1018.3%	12.5 GB	525 GB	3.7 GB	426.3 MB
453	f0/c9defa	1965741	nifti_converter (113)	COMPLETED	0	2025-10-27 16:39:40.490	1.5s	920ms	100.6%	12.8 MB	62.4 MB	7.8 MB	80 MB
113	ca/43732d	1203211	fastsurfer (113)	COMPLETED	0	2025-10-27 15:40:45.347	1h 27s	1h 26s	1037.3%	13 GB	525.8 GB	3.6 GB	416.3 MB
455	6b/3c3d08	2029969	nifti_converter (114)	COMPLETED	0	2025-10-27 16:41:13.450	1.6s	1.1s	98.9%	9.8 MB	62.4 MB	7.5 MB	80 MB
454	68/fab748	1966610	roi_creator (113)	COMPLETED	0	2025-10-27 16:39:43.002	2m 26s	2m 25s	100.2%	198.8 MB	307.9 MB	4.9 GB	10.3 MB
456	c9/3092b3	2031216	roi_creator (114)	COMPLETED	0	2025-10-27 16:41:16.043	2m 16s	2m 15s	100.2%	198.8 MB	307.9 MB	4.9 GB	10.2 MB
114	a3/d18514	1509176	fastsurfer (114)	COMPLETED	0	2025-10-27 16:05:35.068	43m 58s	43m 57s	941.6%	12.7 GB	525.4 GB	3.3 GB	364.8 MB
457	18/b77bda	2172365	nifti_converter (115)	COMPLETED	0	2025-10-27 16:49:32.690	1.7s	1.1s	100.6%	10.5 MB	62.4 MB	7.5 MB	80 MB
458	f1/060597	2173659	roi_creator (115)	COMPLETED	0	2025-10-27 16:49:35.349	2m 44s	2m 44s	100.1%	198.8 MB	307.9 MB	4.9 GB	10.1 MB
112	e6/6720db	1367437	fastsurfer (112)	COMPLETED	0	2025-10-27 15:52:51.187	1h 4s	1h 4s	902.9%	12.7 GB	525.4 GB	3.8 GB	441.6 MB
459	ff/9f0c0a	2256126	nifti_converter (116)	COMPLETED	0	2025-10-27 16:52:56.609	1.7s	1.1s	100.0%	73.5 MB	112 MB	7.6 MB	80 MB
460	f8/1dab3b	2256845	roi_creator (116)	COMPLETED	0	2025-10-27 16:52:59.276	2m 47s	2m 46s	100.1%	198.8 MB	307.9 MB	4.9 GB	10.3 MB
116	c0/605dc9	1675373	fastsurfer (116)	COMPLETED	0	2025-10-27 16:24:00.236	1h 13m 42s	1h 13m 42s	810.8%	12.5 GB	525 GB	3.8 GB	447.3 MB
461	83/c04056	2575547	nifti_converter (117)	COMPLETED	0	2025-10-27 17:37:43.622	1.9s	1.3s	99.7%	72.8 MB	112 MB	7.9 MB	80 MB
462	80/37e5be	2576066	roi_creator (117)	COMPLETED	0	2025-10-27 17:37:46.499	2m 50s	2m 50s	100.2%	198.8 MB	307.9 MB	4.9 GB	10.3 MB
115	96/47b972	1761726	fastsurfer (115)	COMPLETED	0	2025-10-27 16:28:48.801	1h 19m 47s	1h 19m 46s	1144.7%	12.5 GB	525 GB	3.6 GB	405.4 MB
463	7e/167feb	2691235	nifti_converter (118)	COMPLETED	0	2025-10-27 17:48:35.903	1.8s	1.2s	98.4%	73.5 MB	112 MB	7.9 MB	80 MB
464	4f/e6dc77	2692472	roi_creator (118)	COMPLETED	0	2025-10-27 17:48:38.706	2m 49s	2m 49s	100.2%	198.8 MB	307.9 MB	4.9 GB	10.2 MB
119	ea/887de7	1965168	fastsurfer (119)	COMPLETED	0	2025-10-27 16:39:39.480	1h 39m 35s	1h 39m 35s	1072.8%	13 GB	525.7 GB	3.8 GB	444.3 MB
465	54/2f89dc	2906926	nifti_converter (119)	COMPLETED	0	2025-10-27 18:19:15.878	1.8s	1.3s	100.1%	73.5 MB	112 MB	7.6 MB	80 MB
466	3c/140115	2907709	roi_creator (119)	COMPLETED	0	2025-10-27 18:19:18.702	2m 28s	2m 27s	100.2%	198.8 MB	307.9 MB	4.9 GB	10.3 MB
118	55/78079a	2029108	fastsurfer (118)	COMPLETED	0	2025-10-27 16:41:12.442	1h 49m 28s	1h 49m 27s	1342.9%	13 GB	525.7 GB	3.5 GB	405.4 MB
467	cb/b8fc49	3034435	nifti_converter (120)	COMPLETED	0	2025-10-27 18:30:40.973	2.1s	1.4s	101.1%	73.5 MB	112 MB	7.8 MB	80 MB
120	56/bd3c03	2172359	fastsurfer (120)	COMPLETED	0	2025-10-27 16:49:32.684	1h 42m 9s	1h 42m 9s	1182.8%	12.7 GB	525.4 GB	3.9 GB	455.5 MB
469	28/9a1e3b	3088657	nifti_converter (121)	COMPLETED	0	2025-10-27 18:31:43.189	1.5s	875ms	99.6%	9.8 MB	62.4 MB	7.6 MB	80 MB
468	98/633d45	3034926	roi_creator (120)	COMPLETED	0	2025-10-27 18:30:44.050	2m 10s	2m 9s	100.3%	198.8 MB	307.9 MB	4.9 GB	10.2 MB
470	c5/da449b	3089449	roi_creator (121)	COMPLETED	0	2025-10-27 18:31:45.666	2m 9s	2m 8s	100.3%	198.8 MB	307.9 MB	4.9 GB	10.3 MB
122	9e/7ba17c	2255524	fastsurfer (122)	COMPLETED	0	2025-10-27 16:52:55.602	1h 42m 49s	1h 42m 48s	1314.4%	12.7 GB	525.4 GB	4 GB	471.3 MB
471	c3/d2584b	3177572	nifti_converter (122)	COMPLETED	0	2025-10-27 18:35:44.680	1.6s	914ms	101.3%	13.5 MB	62.4 MB	7.8 MB	80 MB
121	41/6e70af	2574607	fastsurfer (121)	COMPLETED	0	2025-10-27 17:37:42.616	59m 9s	59m 8s	1089.2%	12.7 GB	525.5 GB	3.6 GB	402.3 MB
473	52/7d8bde	3237237	nifti_converter (123)	COMPLETED	0	2025-10-27 18:36:52.665	1.5s	844ms	100.3%	15 MB	62.4 MB	7.1 MB	80 MB
472	37/61fbfa	3178762	roi_creator (122)	COMPLETED	0	2025-10-27 18:35:47.249	2m 7s	2m 6s	100.3%	198.8 MB	307.9 MB	4.9 GB	10.3 MB
474	76/f27ba3	3239594	roi_creator (123)	COMPLETED	0	2025-10-27 18:36:55.136	2m 10s	2m 9s	100.3%	198.8 MB	307.9 MB	4.9 GB	10.2 MB
125	90/528666	2691229	fastsurfer (125)	COMPLETED	0	2025-10-27 17:48:35.894	58m 5s	58m 5s	878.4%	12.5 GB	525.1 GB	3.5 GB	397 MB
475	8f/936894	3409162	nifti_converter (124)	COMPLETED	0	2025-10-27 18:46:42.338	1.5s	934ms	100.4%	13.5 MB	62.4 MB	6.8 MB	80 MB
476	65/00bd2c	3410013	roi_creator (124)	COMPLETED	0	2025-10-27 18:46:44.884	2m 36s	2m 35s	100.1%	198.8 MB	307.9 MB	4.9 GB	10.2 MB
117	ee/2df1f6	1851630	fastsurfer (117)	COMPLETED	0	2025-10-27 16:33:20.307	2h 16m 12s	2h 16m 12s	807.3%	12.7 GB	525.4 GB	3.9 GB	472.8 MB
477	8a/a4aebf	3485574	nifti_converter (125)	COMPLETED	0	2025-10-27 18:49:33.526	1.5s	964ms	100.9%	11.3 MB	62.4 MB	8 MB	80 MB
478	02/44a323	3486037	roi_creator (125)	COMPLETED	0	2025-10-27 18:49:36.030	2m 28s	2m 28s	100.2%	198.8 MB	307.9 MB	4.9 GB	10.3 MB
123	ba/16be2e	2906358	fastsurfer (123)	COMPLETED	0	2025-10-27 18:19:14.873	55m 42s	55m 42s	772.4%	12.7 GB	525.4 GB	3.7 GB	430.3 MB
479	1a/098b26	3715788	nifti_converter (126)	COMPLETED	0	2025-10-27 19:14:58.227	2s	1.3s	100.2%	73.5 MB	112 MB	7.5 MB	80 MB
480	cc/5481fb	3716316	roi_creator (126)	COMPLETED	0	2025-10-27 19:15:01.195	2m 52s	2m 52s	100.0%	198.8 MB	307.9 MB	4.9 GB	10.3 MB
124	80/f7b081	3033864	fastsurfer (124)	COMPLETED	0	2025-10-27 18:30:39.965	54m 14s	54m 13s	921.8%	12.5 GB	525 GB	3.7 GB	425.1 MB
481	cf/89eb4a	3833573	nifti_converter (127)	COMPLETED	0	2025-10-27 19:24:54.749	1.9s	1.3s	100.0%	72.8 MB	112 MB	7.7 MB	80 MB
482	e2/0eefc5	3834640	roi_creator (127)	COMPLETED	0	2025-10-27 19:24:57.660	2m 51s	2m 51s	100.0%	198.8 MB	307.9 MB	4.9 GB	10.2 MB
127	34/f6b959	3088047	fastsurfer (127)	COMPLETED	0	2025-10-27 18:31:42.183	1h 9m 36s	1h 9m 35s	868.8%	12.5 GB	525 GB	3.9 GB	454.2 MB
483	97/009b13	3982951	nifti_converter (128)	COMPLETED	0	2025-10-27 19:41:19.248	2s	1.4s	98.6%	72.8 MB	112 MB	7.5 MB	80 MB
484	4c/34b1ba	3983760	roi_creator (128)	COMPLETED	0	2025-10-27 19:41:22.299	2m 54s	2m 53s	99.9%	198.8 MB	307.9 MB	4.9 GB	10.3 MB
134	e9/d04f6f	3484830	fastsurfer (134)	COMPLETED	0	2025-10-27 18:49:32.517	1h 28m 25s	1h 28m 24s	1077.3%	12.5 GB	525 GB	3.6 GB	417.2 MB
485	02/84b41c	39289	nifti_converter (129)	COMPLETED	0	2025-10-27 20:17:58.364	1.5s	888ms	100.7%	13.5 MB	62.4 MB	7.2 MB	80 MB
126	aa/662220	3177571	fastsurfer (126)	COMPLETED	0	2025-10-27 18:35:44.675	1h 43m 56s	1h 43m 55s	1158.3%	12.7 GB	525.5 GB	4.1 GB	499.5 MB
487	99/251fdc	98839	nifti_converter (130)	COMPLETED	0	2025-10-27 20:19:41.637	1.5s	848ms	99.7%	13.5 MB	62.4 MB	8 MB	80 MB
486	67/7a8b49	39673	roi_creator (129)	COMPLETED	0	2025-10-27 20:18:00.859	2m 9s	2m 8s	100.3%	198.8 MB	307.9 MB	4.9 GB	10.2 MB
488	97/74b42c	99623	roi_creator (130)	COMPLETED	0	2025-10-27 20:19:44.120	2m 6s	2m 5s	100.3%	198.8 MB	307.9 MB	4.9 GB	10.4 MB
138	ec/24e294	3236566	fastsurfer (138)	COMPLETED	0	2025-10-27 18:36:51.657	1h 45m 57s	1h 45m 57s	1196.8%	12.7 GB	525.4 GB	4 GB	470 MB
489	5e/1dc2f3	174519	nifti_converter (131)	COMPLETED	0	2025-10-27 20:22:50.050	1.4s	831ms	100.5%	12.8 MB	62.4 MB	7.6 MB	80 MB
490	5a/0b4ca5	175373	roi_creator (131)	COMPLETED	0	2025-10-27 20:22:52.477	2m 2s	2m 2s	100.3%	198.8 MB	307.9 MB	4.9 GB	10.3 MB
130	74/4758fa	3715236	fastsurfer (130)	COMPLETED	0	2025-10-27 19:14:57.219	1h 17m 28s	1h 17m 27s	1059.5%	12.5 GB	525 GB	3.8 GB	440.9 MB
491	1d/48923f	329996	nifti_converter (132)	COMPLETED	0	2025-10-27 20:32:26.146	1.5s	887ms	100.6%	12.8 MB	62.4 MB	7.2 MB	80 MB
492	8d/e59a51	330854	roi_creator (132)	COMPLETED	0	2025-10-27 20:32:28.695	2m 19s	2m 19s	100.2%	198.8 MB	307.9 MB	4.9 GB	10.3 MB
136	8a/2b0be9	3832968	fastsurfer (136)	COMPLETED	0	2025-10-27 19:24:53.743	1h 9m 58s	1h 9m 58s	917.0%	13 GB	525.8 GB	3.7 GB	421.4 MB
493	80/38dbc4	402323	nifti_converter (133)	COMPLETED	0	2025-10-27 20:34:52.976	1.5s	918ms	100.7%	12.8 MB	62.4 MB	7 MB	80 MB
140	24/cae356	3408532	fastsurfer (140)	COMPLETED	0	2025-10-27 18:46:41.330	1h 49m 56s	1h 49m 56s	1183.3%	12.7 GB	525.4 GB	4 GB	471.7 MB
495	e8/fdb483	469087	nifti_converter (134)	COMPLETED	0	2025-10-27 20:36:38.796	1.5s	855ms	99.5%	13.5 MB	62.4 MB	7.5 MB	80 MB
494	e6/6f63f3	402927	roi_creator (133)	COMPLETED	0	2025-10-27 20:34:55.479	2m 11s	2m 10s	100.3%	198.8 MB	307.9 MB	4.9 GB	10.2 MB
496	c0/55882b	469605	roi_creator (134)	COMPLETED	0	2025-10-27 20:36:41.277	2m 32s	2m 32s	100.2%	198.8 MB	307.9 MB	4.9 GB	10.4 MB
139	8d/4c4f3c	3982404	fastsurfer (139)	COMPLETED	0	2025-10-27 19:41:18.242	1h 4m 14s	1h 4m 13s	823.1%	12.7 GB	525.4 GB	3.8 GB	440.4 MB
497	2f/e12bcf	617580	nifti_converter (135)	COMPLETED	0	2025-10-27 20:45:33.235	1.9s	1.3s	100.4%	73.5 MB	112 MB	7.1 MB	80 MB
498	38/d350e1	618366	roi_creator (135)	COMPLETED	0	2025-10-27 20:45:36.132	2m 56s	2m 56s	100.0%	198.8 MB	307.9 MB	4.9 GB	10.3 MB
137	33/21227d	97999	fastsurfer (137)	COMPLETED	0	2025-10-27 20:19:40.629	1h 15m 19s	1h 15m 18s	1022.8%	12.7 GB	525.4 GB	3.7 GB	425.8 MB
499	19/a8a621	934159	nifti_converter (136)	COMPLETED	0	2025-10-27 21:35:00.576	2s	1.4s	99.9%	72.8 MB	112 MB	7.2 MB	80 MB
500	ae/c98fcb	934679	roi_creator (136)	COMPLETED	0	2025-10-27 21:35:03.568	2m 55s	2m 54s	100.1%	198.8 MB	307.9 MB	4.9 GB	10.2 MB
131	b3/e7a78e	173926	fastsurfer (131)	COMPLETED	0	2025-10-27 20:22:49.041	1h 22m 13s	1h 22m 13s	1104.5%	12.7 GB	525.4 GB	3.7 GB	420 MB
501	f8/ee8a2b	1048225	nifti_converter (137)	COMPLETED	0	2025-10-27 21:45:03.439	2.1s	1.5s	99.6%	73.5 MB	112 MB	7.2 MB	80 MB
502	a6/701687	1049030	roi_creator (137)	COMPLETED	0	2025-10-27 21:45:06.589	2m 52s	2m 52s	100.1%	198.8 MB	307.9 MB	4.9 GB	10.2 MB
132	41/e7b097	38638	fastsurfer (132)	COMPLETED	0	2025-10-27 20:17:57.356	1h 51m 36s	1h 51m 35s	1179.4%	12.5 GB	525 GB	3.8 GB	439.8 MB
503	ac/6ee7b9	1234344	nifti_converter (138)	COMPLETED	0	2025-10-27 22:09:34.075	1.6s	1s	101.1%	11.2 MB	62.4 MB	7.9 MB	80 MB
504	58/91a3c0	1234821	roi_creator (138)	COMPLETED	0	2025-10-27 22:09:36.695	2m 31s	2m 31s	100.2%	198.8 MB	307.9 MB	4.9 GB	10.3 MB
142	ef/4f7d5f	617007	fastsurfer (142)	COMPLETED	0	2025-10-27 20:45:32.230	1h 35m 36s	1h 35m 35s	1217.8%	12.7 GB	525.4 GB	3.6 GB	407.3 MB
505	f9/5315c8	1363323	nifti_converter (139)	COMPLETED	0	2025-10-27 22:21:09.018	1.4s	833ms	100.4%	15 MB	62.4 MB	7.1 MB	80 MB
506	2d/6417fe	1363794	roi_creator (139)	COMPLETED	0	2025-10-27 22:21:11.457	2m 7s	2m 6s	100.3%	198.8 MB	307.9 MB	4.9 GB	10.2 MB
135	1a/b12b3b	401563	fastsurfer (135)	COMPLETED	0	2025-10-27 20:34:51.970	1h 48m 53s	1h 48m 53s	1141.3%	12.5 GB	525 GB	3.8 GB	439 MB
507	c7/cf48ac	1434291	nifti_converter (140)	COMPLETED	0	2025-10-27 22:23:46.268	1.4s	887ms	100.9%	13.5 MB	62.4 MB	7.7 MB	80 MB
508	e6/260b67	1434817	roi_creator (140)	COMPLETED	0	2025-10-27 22:23:48.718	2m 6s	2m 5s	100.3%	198.8 MB	307.9 MB	4.9 GB	10.3 MB
128	32/d0a29d	468397	fastsurfer (128)	COMPLETED	0	2025-10-27 20:36:37.788	1h 50m 30s	1h 50m 29s	1172.9%	12.7 GB	525.4 GB	3.7 GB	424.7 MB
509	82/9a9c8c	1514048	nifti_converter (141)	COMPLETED	0	2025-10-27 22:27:08.640	1.5s	847ms	101.1%	13.5 MB	62.4 MB	7.3 MB	80 MB
510	8d/673c5b	1515235	roi_creator (141)	COMPLETED	0	2025-10-27 22:27:11.117	2m 11s	2m 10s	100.3%	198.8 MB	307.9 MB	4.9 GB	10.2 MB
141	eb/aac210	328956	fastsurfer (141)	COMPLETED	0	2025-10-27 20:32:25.137	1h 58m 8s	1h 58m 7s	1138.8%	13 GB	525.7 GB	3.9 GB	466.7 MB
511	4f/7d38cf	1601651	nifti_converter (142)	COMPLETED	0	2025-10-27 22:30:33.829	1.4s	866ms	99.5%	11.3 MB	62.4 MB	7.4 MB	80 MB
512	db/f4d435	1602823	roi_creator (142)	COMPLETED	0	2025-10-27 22:30:36.256	2m 19s	2m 19s	100.2%	198.8 MB	307.9 MB	4.9 GB	10.3 MB
133	d4/c34d55	1047332	fastsurfer (133)	COMPLETED	0	2025-10-27 21:45:02.433	54m 52s	54m 52s	772.8%	12.5 GB	525.1 GB	3.6 GB	416.3 MB
513	70/4fb756	1753847	nifti_converter (143)	COMPLETED	0	2025-10-27 22:39:54.871	1.5s	982ms	99.8%	11.3 MB	62.4 MB	7.1 MB	80 MB
129	c6/801023	933604	fastsurfer (129)	COMPLETED	0	2025-10-27 21:34:59.571	1h 6m 50s	1h 6m 50s	818.3%	13.1 GB	525.8 GB	3.8 GB	440.3 MB
515	61/dd9b4f	1823081	nifti_converter (144)	COMPLETED	0	2025-10-27 22:41:50.828	1.9s	1.4s	99.7%	73.5 MB	112 MB	7.4 MB	80 MB
514	a6/288461	1755120	roi_creator (143)	COMPLETED	0	2025-10-27 22:39:57.412	2m 32s	2m 31s	100.2%	198.8 MB	307.9 MB	4.9 GB	10.2 MB
516	cf/2fea8d	1824440	roi_creator (144)	COMPLETED	0	2025-10-27 22:41:53.752	2m 49s	2m 48s	100.1%	198.8 MB	307.9 MB	4.9 GB	10.3 MB
143	dd/d32f76	1233746	fastsurfer (143)	COMPLETED	0	2025-10-27 22:09:33.069	46m 20s	46m 19s	827.8%	12.7 GB	525.4 GB	3.6 GB	406.3 MB
517	c9/53ffe7	1988846	nifti_converter (145)	COMPLETED	0	2025-10-27 22:55:54.167	2.1s	1.5s	100.1%	73.5 MB	112 MB	7.4 MB	80 MB
518	2f/13916d	1989815	roi_creator (145)	COMPLETED	0	2025-10-27 22:55:57.243	3m	3m	99.8%	198.8 MB	307.9 MB	4.9 GB	10.2 MB
144	21/6b3363	1362776	fastsurfer (144)	COMPLETED	0	2025-10-27 22:21:08.010	59m 8s	59m 7s	905.8%	12.7 GB	525.4 GB	3.7 GB	427.8 MB
519	30/35aacd	2188220	nifti_converter (146)	COMPLETED	0	2025-10-27 23:20:17.104	1.6s	1.1s	100.3%	12 MB	62.4 MB	7.1 MB	80 MB
520	ef/3f4236	2188985	roi_creator (146)	COMPLETED	0	2025-10-27 23:20:19.698	2m 37s	2m 36s	100.2%	198.8 MB	307.9 MB	4.9 GB	10.2 MB
147	ea/5579c5	1433481	fastsurfer (147)	COMPLETED	0	2025-10-27 22:23:45.257	1h 2m 5s	1h 2m 5s	984.0%	12.5 GB	525 GB	3.6 GB	413.8 MB
521	aa/23e22f	2277956	nifti_converter (147)	COMPLETED	0	2025-10-27 23:25:51.528	1.5s	957ms	100.3%	12 MB	62.4 MB	7.5 MB	80 MB
522	d9/65de8b	2278346	roi_creator (147)	COMPLETED	0	2025-10-27 23:25:54.040	2m 26s	2m 25s	100.2%	198.8 MB	307.9 MB	4.9 GB	10.2 MB
146	e5/65301b	1600814	fastsurfer (146)	COMPLETED	0	2025-10-27 22:30:32.821	1h 3m 33s	1h 3m 33s	1057.5%	12.7 GB	525.4 GB	3.6 GB	403 MB
523	60/f7827e	2399781	nifti_converter (148)	COMPLETED	0	2025-10-27 23:34:07.099	1.6s	972ms	102.3%	14.2 MB	62.4 MB	6.9 MB	80 MB
524	c5/6dc1d4	2400168	roi_creator (148)	COMPLETED	0	2025-10-27 23:34:09.752	2m 19s	2m 18s	100.2%	198.8 MB	307.9 MB	4.9 GB	10.2 MB
149	0d/ae3399	1513502	fastsurfer (149)	COMPLETED	0	2025-10-27 22:27:07.629	1h 10m 51s	1h 10m 50s	1179.8%	13 GB	525.8 GB	3.6 GB	410.5 MB
525	fd/f702b6	2482586	nifti_converter (149)	COMPLETED	0	2025-10-27 23:37:59.168	1.5s	899ms	99.5%	13.5 MB	62.4 MB	7.2 MB	80 MB
526	65/41e1f2	2483415	roi_creator (149)	COMPLETED	0	2025-10-27 23:38:01.704	2m 25s	2m 25s	100.2%	198.8 MB	307.9 MB	4.9 GB	10.2 MB
148	ba/f7c30b	1753842	fastsurfer (148)	COMPLETED	0	2025-10-27 22:39:54.865	1h 9m 14s	1h 9m 13s	1010.6%	13 GB	525.7 GB	3.7 GB	419.4 MB
527	f7/cc358b	2628897	nifti_converter (150)	COMPLETED	0	2025-10-27 23:49:09.833	1.5s	931ms	101.2%	12 MB	62.4 MB	7.4 MB	80 MB
151	fe/ceb1ff	1822066	fastsurfer (151)	COMPLETED	0	2025-10-27 22:41:49.822	1h 9m 41s	1h 9m 40s	884.6%	13.1 GB	525.8 GB	3.7 GB	432.9 MB
529	a1/436813	2699553	nifti_converter (151)	COMPLETED	0	2025-10-27 23:51:31.634	1.6s	1s	100.6%	11.3 MB	62.4 MB	7.4 MB	80 MB
528	c1/0369a6	2629977	roi_creator (150)	COMPLETED	0	2025-10-27 23:49:12.362	2m 25s	2m 25s	100.2%	198.8 MB	307.9 MB	4.9 GB	10.2 MB
530	79/9870c3	2700779	roi_creator (151)	COMPLETED	0	2025-10-27 23:51:34.248	2m 18s	2m 17s	100.2%	198.8 MB	307.9 MB	4.9 GB	10.3 MB
153	7e/804b9c	1988252	fastsurfer (153)	COMPLETED	0	2025-10-27 22:55:53.161	1h 3m 37s	1h 3m 37s	823.7%	12.7 GB	525.5 GB	3.7 GB	432.5 MB
531	9f/0682c5	2827447	nifti_converter (152)	COMPLETED	0	2025-10-27 23:59:31.395	1.6s	1.1s	100.8%	73.5 MB	112 MB	7.2 MB	80 MB
532	db/175b2b	2828155	roi_creator (152)	COMPLETED	0	2025-10-27 23:59:34.000	2m 30s	2m 30s	100.2%	198.8 MB	307.9 MB	4.9 GB	10.3 MB
154	55/624c8d	2187612	fastsurfer (154)	COMPLETED	0	2025-10-27 23:20:16.096	43m 19s	43m 19s	787.8%	13 GB	525.7 GB	3.5 GB	393.1 MB
533	20/0768cb	2914322	nifti_converter (153)	COMPLETED	0	2025-10-28 00:03:36.487	1.6s	1s	99.9%	9.8 MB	62.4 MB	7.2 MB	80 MB
534	1f/c216a2	2914740	roi_creator (153)	COMPLETED	0	2025-10-28 00:03:39.074	2m 34s	2m 33s	100.2%	198.8 MB	307.9 MB	4.9 GB	10.2 MB
150	c1/8d658c	2277404	fastsurfer (150)	COMPLETED	0	2025-10-27 23:25:50.523	52m 14s	52m 13s	765.0%	13 GB	525.7 GB	3.6 GB	408.7 MB
535	fc/8a57b2	3086068	nifti_converter (154)	COMPLETED	0	2025-10-28 00:18:05.212	1.9s	1.3s	100.7%	73.5 MB	112 MB	7.1 MB	80 MB
536	32/86e636	3086978	roi_creator (154)	COMPLETED	0	2025-10-28 00:18:08.076	2m 51s	2m 51s	100.1%	198.8 MB	307.9 MB	4.9 GB	10.2 MB
152	fb/640472	2398862	fastsurfer (152)	COMPLETED	0	2025-10-27 23:34:06.092	55m 55s	55m 54s	849.6%	12.5 GB	525 GB	3.8 GB	439.1 MB
537	59/b34e6d	3215347	nifti_converter (155)	COMPLETED	0	2025-10-28 00:30:01.227	2.1s	1.4s	99.4%	73.5 MB	112 MB	7 MB	80 MB
538	6f/800b98	3216381	roi_creator (155)	COMPLETED	0	2025-10-28 00:30:04.290	2m 58s	2m 57s	100.0%	198.8 MB	307.9 MB	4.9 GB	10.3 MB
156	a0/b2b9d6	2481990	fastsurfer (156)	COMPLETED	0	2025-10-27 23:37:58.159	59m 2s	59m 2s	892.7%	12.8 GB	525.6 GB	3.7 GB	427.3 MB
539	ce/7ba75a	3313332	nifti_converter (156)	COMPLETED	0	2025-10-28 00:37:01.528	2s	1.4s	98.5%	72.8 MB	112 MB	7.5 MB	80 MB
540	a5/229677	3314343	roi_creator (156)	COMPLETED	0	2025-10-28 00:37:04.583	2m 57s	2m 57s	99.9%	198.8 MB	307.9 MB	4.9 GB	10.3 MB
157	0c/ed9a73	2698992	fastsurfer (157)	COMPLETED	0	2025-10-27 23:51:30.628	1h 22m 27s	1h 22m 26s	1002.1%	12.5 GB	525.1 GB	3.9 GB	464.7 MB
541	af/076b7e	3572703	nifti_converter (157)	COMPLETED	0	2025-10-28 01:13:58.306	1.5s	904ms	100.4%	13.5 MB	62.4 MB	7.5 MB	80 MB
542	5b/ecba16	3573096	roi_creator (157)	COMPLETED	0	2025-10-28 01:14:00.826	2m 14s	2m 14s	100.3%	198.8 MB	307.9 MB	4.9 GB	10.3 MB
159	21/cd3fc1	2826847	fastsurfer (159)	COMPLETED	0	2025-10-27 23:59:30.389	1h 18m 30s	1h 18m 30s	1097.3%	12.5 GB	525 GB	3.7 GB	424.2 MB
543	8f/7bc814	3651981	nifti_converter (158)	COMPLETED	0	2025-10-28 01:18:01.505	1.6s	962ms	99.9%	10.5 MB	62.4 MB	7.6 MB	80 MB
158	7a/2450b1	2913728	fastsurfer (158)	COMPLETED	0	2025-10-28 00:03:35.476	1h 16m 26s	1h 16m 25s	1154.7%	12.5 GB	525 GB	3.6 GB	406 MB
545	8a/74b313	3720244	nifti_converter (159)	COMPLETED	0	2025-10-28 01:20:01.606	1.7s	1s	100.9%	11.2 MB	62.4 MB	7.8 MB	80 MB
544	c5/238c86	3652679	roi_creator (158)	COMPLETED	0	2025-10-28 01:18:04.070	2m 6s	2m 6s	100.3%	198.8 MB	307.9 MB	4.9 GB	10.2 MB
155	33/19b7c8	2628275	fastsurfer (155)	COMPLETED	0	2025-10-27 23:49:08.826	1h 31m 18s	1h 31m 18s	1177.4%	12.5 GB	525 GB	3.7 GB	431.5 MB
547	04/2db16c	3727432	nifti_converter (160)	COMPLETED	0	2025-10-28 01:20:28.336	1.5s	844ms	100.7%	13.5 MB	62.4 MB	7.5 MB	80 MB
546	18/c7bd50	3721374	roi_creator (159)	COMPLETED	0	2025-10-28 01:20:04.330	2m 1s	2m 1s	100.3%	198.8 MB	307.9 MB	4.9 GB	10.2 MB
548	22/b37b1f	3728052	roi_creator (160)	COMPLETED	0	2025-10-28 01:20:30.820	2m 3s	2m 2s	100.3%	198.8 MB	307.9 MB	4.9 GB	10.3 MB
160	9a/0dc51f	3215341	fastsurfer (160)	COMPLETED	0	2025-10-28 00:30:01.221	57m 7s	57m 6s	998.6%	12.7 GB	525.5 GB	3.6 GB	415.3 MB
549	5e/915497	3914840	nifti_converter (161)	COMPLETED	0	2025-10-28 01:27:09.341	1.9s	1.3s	100.0%	73.5 MB	112 MB	7.2 MB	80 MB
163	70/b3a069	3085466	fastsurfer (163)	COMPLETED	0	2025-10-28 00:18:04.204	1h 10m 6s	1h 10m 5s	980.8%	12.7 GB	525.4 GB	3.7 GB	419.9 MB
551	52/fadfb3	3977372	nifti_converter (162)	COMPLETED	0	2025-10-28 01:28:11.129	1.4s	844ms	101.4%	12.8 MB	62.4 MB	7 MB	80 MB
550	f7/5fc0cb	3916239	roi_creator (161)	COMPLETED	0	2025-10-28 01:27:12.257	2m 17s	2m 17s	100.2%	198.8 MB	307.9 MB	4.9 GB	10.2 MB
552	8f/72658d	3977845	roi_creator (162)	COMPLETED	0	2025-10-28 01:28:13.565	2m 25s	2m 24s	100.1%	198.8 MB	307.9 MB	4.9 GB	10.2 MB
162	da/b78738	3312672	fastsurfer (162)	COMPLETED	0	2025-10-28 00:37:00.523	58m 59s	58m 58s	876.7%	12.5 GB	525 GB	3.7 GB	432.1 MB
553	21/bad47a	4127903	nifti_converter (163)	COMPLETED	0	2025-10-28 01:36:00.323	1.5s	963ms	100.3%	12.8 MB	62.4 MB	7.3 MB	80 MB
554	b2/5e50b6	4129020	roi_creator (163)	COMPLETED	0	2025-10-28 01:36:02.870	2m 37s	2m 37s	100.2%	198.8 MB	307.9 MB	4.9 GB	10.3 MB
161	bd/45ce51	3572136	fastsurfer (161)	COMPLETED	0	2025-10-28 01:13:57.295	1h 15m 14s	1h 15m 13s	819.3%	12.5 GB	525 GB	4 GB	475.2 MB
555	ec/8590d6	277851	nifti_converter (164)	COMPLETED	0	2025-10-28 02:29:12.151	2.1s	1.6s	100.5%	73.5 MB	112 MB	7.4 MB	80 MB
556	47/774785	278552	roi_creator (164)	COMPLETED	0	2025-10-28 02:29:15.268	2m 50s	2m 49s	100.2%	198.8 MB	307.9 MB	4.9 GB	10.3 MB
165	90/093bbd	3651201	fastsurfer (165)	COMPLETED	0	2025-10-28 01:18:00.497	1h 48m 57s	1h 48m 57s	1025.7%	13 GB	525.8 GB	3.9 GB	451.3 MB
557	33/c4f82e	509401	nifti_converter (165)	COMPLETED	0	2025-10-28 03:06:58.877	1.5s	908ms	101.3%	10.5 MB	62.4 MB	6.9 MB	80 MB
558	5a/6f4c64	510049	roi_creator (165)	COMPLETED	0	2025-10-28 03:07:01.361	2m 13s	2m 13s	100.3%	198.8 MB	307.9 MB	4.9 GB	10.3 MB
167	e1/307995	3913798	fastsurfer (167)	COMPLETED	0	2025-10-28 01:27:08.334	1h 52m 53s	1h 52m 52s	1054.1%	13.1 GB	525.8 GB	3.7 GB	431.8 MB
559	6b/9c88e1	646720	nifti_converter (166)	COMPLETED	0	2025-10-28 03:20:02.273	1.5s	925ms	100.0%	13.5 MB	62.4 MB	7.1 MB	80 MB
168	c0/dafaa0	4127267	fastsurfer (168)	COMPLETED	0	2025-10-28 01:35:59.317	1h 44m 22s	1h 44m 21s	1147.1%	12.7 GB	525.4 GB	3.6 GB	405.4 MB
561	52/a64ecc	651309	nifti_converter (167)	COMPLETED	0	2025-10-28 03:20:22.227	1.4s	831ms	100.6%	15 MB	62.4 MB	7.1 MB	80 MB
164	5a/645bfd	3726563	fastsurfer (164)	COMPLETED	0	2025-10-28 01:20:27.327	2h 1m 38s	2h 1m 37s	1190.3%	12.5 GB	525 GB	3.7 GB	430.7 MB
563	b4/e467cf	762916	nifti_converter (168)	COMPLETED	0	2025-10-28 03:22:06.200	1.5s	921ms	100.6%	14.2 MB	62.4 MB	7.1 MB	80 MB
560	81/92387c	647345	roi_creator (166)	COMPLETED	0	2025-10-28 03:20:04.822	2m 15s	2m 14s	100.3%	198.8 MB	307.9 MB	4.9 GB	10.3 MB
562	48/3704e8	651779	roi_creator (167)	COMPLETED	0	2025-10-28 03:20:24.676	2m 13s	2m 13s	100.3%	198.8 MB	307.9 MB	4.9 GB	10.2 MB
166	17/7b0732	3720242	fastsurfer (166)	COMPLETED	0	2025-10-28 01:20:01.600	2h 3m 46s	2h 3m 45s	1199.5%	13 GB	525.7 GB	3.8 GB	435.7 MB
565	cc/30aba4	830503	nifti_converter (169)	COMPLETED	0	2025-10-28 03:23:47.517	1.5s	891ms	100.8%	11.3 MB	62.4 MB	7.1 MB	80 MB
564	aa/6b8d1c	764141	roi_creator (168)	COMPLETED	0	2025-10-28 03:22:08.716	2m 6s	2m 5s	100.3%	198.8 MB	307.9 MB	4.9 GB	10.2 MB
566	c0/9f75bb	831737	roi_creator (169)	COMPLETED	0	2025-10-28 03:23:50.026	2m 16s	2m 15s	100.2%	198.8 MB	307.9 MB	4.9 GB	10.3 MB
170	0e/acbab8	3975910	fastsurfer (170)	COMPLETED	0	2025-10-28 01:28:10.122	2h 8m 26s	2h 8m 25s	1103.4%	12.5 GB	525 GB	4 GB	482.6 MB
567	49/aeebd2	1025689	nifti_converter (170)	COMPLETED	0	2025-10-28 03:36:36.831	1.5s	879ms	99.6%	11.2 MB	62.4 MB	7.6 MB	80 MB
568	57/d6fccc	1026858	roi_creator (170)	COMPLETED	0	2025-10-28 03:36:39.295	2m 23s	2m 23s	100.2%	198.8 MB	307.9 MB	4.9 GB	10.4 MB
169	ba/698768	277251	fastsurfer (169)	COMPLETED	0	2025-10-28 02:29:11.146	1h 22m 49s	1h 22m 48s	779.6%	12.7 GB	525.4 GB	3.8 GB	442.9 MB
569	a9/bcb161	1184458	nifti_converter (171)	COMPLETED	0	2025-10-28 03:52:01.072	2.2s	1.6s	100.7%	73.5 MB	112 MB	7.6 MB	80 MB
570	ec/0cf70b	1185358	roi_creator (171)	COMPLETED	0	2025-10-28 03:52:04.282	2m 54s	2m 53s	100.0%	198.8 MB	307.9 MB	4.9 GB	10.3 MB
172	25/767b63	508645	fastsurfer (172)	COMPLETED	0	2025-10-28 03:06:57.871	50m 59s	50m 59s	746.3%	12.7 GB	525.4 GB	3.6 GB	417.4 MB
571	0c/36c323	1274096	nifti_converter (172)	COMPLETED	0	2025-10-28 03:57:58.263	1.6s	1.1s	100.8%	73.5 MB	112 MB	7 MB	80 MB
572	89/34bf0a	1274533	roi_creator (172)	COMPLETED	0	2025-10-28 03:58:00.899	2m 52s	2m 52s	100.3%	198.8 MB	307.9 MB	4.9 GB	10.2 MB
171	29/1d82e2	646114	fastsurfer (171)	COMPLETED	0	2025-10-28 03:20:01.265	51m 15s	51m 15s	722.7%	12.5 GB	525 GB	3.6 GB	412.1 MB
573	bb/6e8cfc	1417175	nifti_converter (173)	COMPLETED	0	2025-10-28 04:11:17.495	2s	1.4s	98.1%	73.5 MB	112 MB	6.9 MB	80 MB
574	cb/ea3227	1417978	roi_creator (173)	COMPLETED	0	2025-10-28 04:11:20.466	2m 57s	2m 57s	99.9%	198.8 MB	307.9 MB	4.9 GB	10.2 MB
175	f7/93cca8	830502	fastsurfer (175)	COMPLETED	0	2025-10-28 03:23:47.512	1h 18m 22s	1h 18m 21s	1149.2%	13 GB	525.7 GB	3.5 GB	402.6 MB
575	2d/d13ec3	1638306	nifti_converter (174)	COMPLETED	0	2025-10-28 04:42:10.451	1.8s	1.2s	100.6%	73.5 MB	112 MB	6.8 MB	80 MB
576	6c/e2bb24	1639519	roi_creator (174)	COMPLETED	0	2025-10-28 04:42:13.211	2m 52s	2m 52s	100.1%	198.8 MB	307.9 MB	4.9 GB	10.2 MB
173	6b/85728f	650709	fastsurfer (173)	COMPLETED	0	2025-10-28 03:20:21.221	1h 36m 35s	1h 36m 34s	1110.8%	12.7 GB	525.4 GB	4 GB	473.4 MB
577	83/94f0f2	1777640	nifti_converter (175)	COMPLETED	0	2025-10-28 04:56:57.189	1.7s	1.1s	100.2%	9.8 MB	62.4 MB	7.2 MB	80 MB
578	33/04ed5e	1778368	roi_creator (175)	COMPLETED	0	2025-10-28 04:56:59.883	2m 22s	2m 22s	100.2%	198.8 MB	307.9 MB	4.9 GB	10.3 MB
174	26/cb91b4	761812	fastsurfer (174)	COMPLETED	0	2025-10-28 03:22:05.195	1h 47m 14s	1h 47m 13s	1241.3%	12.5 GB	525 GB	4 GB	471.7 MB
579	cc/bf9b99	1915268	nifti_converter (176)	COMPLETED	0	2025-10-28 05:09:18.998	1.5s	1s	100.0%	10.5 MB	62.4 MB	7.6 MB	80 MB
580	0b/d439a8	1916197	roi_creator (176)	COMPLETED	0	2025-10-28 05:09:21.552	2m 28s	2m 28s	100.2%	198.8 MB	307.9 MB	4.9 GB	10.3 MB
177	dd/ece89c	1273471	fastsurfer (177)	COMPLETED	0	2025-10-28 03:57:57.257	1h 14m 46s	1h 14m 45s	1063.0%	12.7 GB	525.4 GB	3.6 GB	413.9 MB
581	82/1554bc	1988922	nifti_converter (177)	COMPLETED	0	2025-10-28 05:12:43.254	1.7s	1.1s	100.1%	73.5 MB	112 MB	7.4 MB	80 MB
176	d6/a91424	1025142	fastsurfer (176)	COMPLETED	0	2025-10-28 03:36:35.825	1h 38m 7s	1h 38m 7s	1232.6%	13 GB	525.7 GB	3.7 GB	429.3 MB
583	c9/c1c6ca	2057744	nifti_converter (178)	COMPLETED	0	2025-10-28 05:14:43.074	1.6s	1s	100.9%	13.5 MB	62.4 MB	7.3 MB	80 MB
582	63/53cbd7	1990395	roi_creator (177)	COMPLETED	0	2025-10-28 05:12:45.993	2m 14s	2m 14s	100.3%	198.8 MB	307.9 MB	4.9 GB	10.2 MB
584	fa/c06bd1	2058856	roi_creator (178)	COMPLETED	0	2025-10-28 05:14:45.715	2m 17s	2m 16s	100.2%	198.8 MB	307.9 MB	4.9 GB	10.3 MB
178	c6/92f0d9	1183832	fastsurfer (178)	COMPLETED	0	2025-10-28 03:52:00.067	1h 28m 51s	1h 28m 50s	1283.0%	13.1 GB	525.8 GB	3.8 GB	445.9 MB
585	01/8a1278	2178214	nifti_converter (179)	COMPLETED	0	2025-10-28 05:20:52.017	1.5s	964ms	100.3%	11.2 MB	62.4 MB	7.3 MB	80 MB
586	e6/89a051	2178813	roi_creator (179)	COMPLETED	0	2025-10-28 05:20:54.540	2m 20s	2m 19s	100.2%	198.8 MB	307.9 MB	4.9 GB	10.3 MB
179	a8/ecffa7	1416601	fastsurfer (179)	COMPLETED	0	2025-10-28 04:11:16.490	1h 19m 40s	1h 19m 39s	984.6%	12.6 GB	525.4 GB	3.9 GB	456 MB
587	da/0ef479	2323299	nifti_converter (180)	COMPLETED	0	2025-10-28 05:30:57.481	1.5s	983ms	99.6%	13.5 MB	62.4 MB	7.3 MB	80 MB
588	84/09b8a5	2324143	roi_creator (180)	COMPLETED	0	2025-10-28 05:31:00.021	2m 51s	2m 50s	100.0%	198.8 MB	307.9 MB	4.9 GB	10.3 MB
181	38/ae42cb	1637560	fastsurfer (181)	COMPLETED	0	2025-10-28 04:42:09.445	57m 19s	57m 18s	856.0%	12.5 GB	525.1 GB	3.7 GB	421.3 MB
589	26/7e1b8f	2437738	nifti_converter (181)	COMPLETED	0	2025-10-28 05:39:28.418	2s	1.4s	99.3%	73.5 MB	112 MB	7.5 MB	80 MB
590	8d/c5127c	2439483	roi_creator (181)	COMPLETED	0	2025-10-28 05:39:31.392	2m 53s	2m 52s	100.1%	198.8 MB	307.9 MB	4.9 GB	10.3 MB
180	8b/e49d96	1777041	fastsurfer (180)	COMPLETED	0	2025-10-28 04:56:56.183	1h 8m 10s	1h 8m 10s	904.3%	13 GB	525.7 GB	3.8 GB	447.7 MB
591	38/d902e3	2642018	nifti_converter (182)	COMPLETED	0	2025-10-28 06:05:06.365	2s	1.4s	99.1%	73.5 MB	112 MB	7.3 MB	80 MB
592	6e/581eb5	2643011	roi_creator (182)	COMPLETED	0	2025-10-28 06:05:09.370	2m 54s	2m 53s	100.0%	198.8 MB	307.9 MB	4.9 GB	10.3 MB
182	1b/f0d757	1915260	fastsurfer (182)	COMPLETED	0	2025-10-28 05:09:18.990	1h 9m 56s	1h 9m 56s	1005.0%	13 GB	525.7 GB	3.7 GB	427.7 MB
593	e3/b00af0	2779522	nifti_converter (183)	COMPLETED	0	2025-10-28 06:19:15.445	2s	1.5s	98.6%	73.5 MB	112 MB	7.5 MB	80 MB
594	46/2edd38	2780814	roi_creator (183)	COMPLETED	0	2025-10-28 06:19:18.495	2m 55s	2m 54s	99.8%	198.8 MB	307.9 MB	4.9 GB	10.2 MB
185	d6/49b3f2	1988921	fastsurfer (185)	COMPLETED	0	2025-10-28 05:12:43.248	1h 18m 18s	1h 18m 17s	1240.7%	12.9 GB	525.6 GB	3.6 GB	413.5 MB
595	67/8f36db	2909409	nifti_converter (184)	COMPLETED	0	2025-10-28 06:31:01.821	1.8s	1.2s	99.5%	73.5 MB	112 MB	7.1 MB	80 MB
596	57/ee4a49	2910219	roi_creator (184)	COMPLETED	0	2025-10-28 06:31:04.595	2m 33s	2m 33s	100.2%	198.8 MB	307.9 MB	4.9 GB	10.2 MB
183	26/2c02bf	2322694	fastsurfer (183)	COMPLETED	0	2025-10-28 05:30:56.473	1h 14m 42s	1h 14m 42s	1005.9%	12.7 GB	525.4 GB	3.6 GB	412.6 MB
597	e4/9bc241	3059471	nifti_converter (185)	COMPLETED	0	2025-10-28 06:45:38.807	1.8s	1.2s	100.1%	73.5 MB	112 MB	7.2 MB	80 MB
598	bd/20751e	3060774	roi_creator (185)	COMPLETED	0	2025-10-28 06:45:41.566	2m 35s	2m 34s	100.2%	198.8 MB	307.9 MB	4.9 GB	10.2 MB
188	28/eb135a	2437732	fastsurfer (188)	COMPLETED	0	2025-10-28 05:39:28.411	1h 16m 7s	1h 16m 6s	1079.4%	12.7 GB	525.4 GB	3.6 GB	406.1 MB
599	81/a3c7e9	3180981	nifti_converter (186)	COMPLETED	0	2025-10-28 06:55:36.248	1.6s	1.1s	100.2%	12 MB	62.4 MB	7.3 MB	80 MB
186	13/613952	2177390	fastsurfer (186)	COMPLETED	0	2025-10-28 05:20:51.008	1h 36m 43s	1h 36m 43s	1302.7%	13 GB	525.7 GB	3.7 GB	432.3 MB
601	34/ab5455	3245729	nifti_converter (187)	COMPLETED	0	2025-10-28 06:57:35.364	1.7s	1.1s	100.3%	73.5 MB	112 MB	7.1 MB	80 MB
600	ca/26db7b	3182157	roi_creator (186)	COMPLETED	0	2025-10-28 06:55:38.883	2m 33s	2m 33s	100.2%	198.8 MB	307.9 MB	4.9 GB	10.2 MB
602	94/9c2673	3246986	roi_creator (187)	COMPLETED	0	2025-10-28 06:57:38.046	2m 37s	2m 37s	100.1%	198.8 MB	307.9 MB	4.9 GB	10.3 MB
184	5b/0aa41e	2057727	fastsurfer (184)	COMPLETED	0	2025-10-28 05:14:43.063	1h 49m 59s	1h 49m 58s	1239.0%	12.5 GB	525 GB	3.9 GB	455.6 MB
603	d8/17717d	3364456	nifti_converter (188)	COMPLETED	0	2025-10-28 07:04:42.606	1.5s	912ms	100.3%	12.8 MB	62.4 MB	7.5 MB	80 MB
604	d6/70feb0	3365494	roi_creator (188)	COMPLETED	0	2025-10-28 07:04:45.088	2m 12s	2m 12s	100.3%	198.8 MB	307.9 MB	4.9 GB	10.3 MB
189	4f/fe2a63	2642009	fastsurfer (189)	COMPLETED	0	2025-10-28 06:05:06.358	1h 6m 32s	1h 6m 31s	811.3%	13.1 GB	525.8 GB	3.8 GB	447.5 MB
605	f2/48b1e0	3479021	nifti_converter (189)	COMPLETED	0	2025-10-28 07:11:39.484	1.8s	1.2s	99.7%	73.5 MB	112 MB	7.2 MB	80 MB
606	90/1e2da7	3480045	roi_creator (189)	COMPLETED	0	2025-10-28 07:11:42.288	2m 40s	2m 39s	100.1%	198.8 MB	307.9 MB	4.9 GB	10.3 MB
187	8e/d59658	2779513	fastsurfer (187)	COMPLETED	0	2025-10-28 06:19:15.436	59m 59s	59m 58s	839.6%	12.7 GB	525.4 GB	3.8 GB	450.1 MB
607	00/48525d	3596052	nifti_converter (190)	COMPLETED	0	2025-10-28 07:19:15.517	1.7s	1.1s	99.6%	73.5 MB	112 MB	7.8 MB	80 MB
608	e0/9d4060	3596943	roi_creator (190)	COMPLETED	0	2025-10-28 07:19:18.256	2m 53s	2m 52s	100.1%	198.8 MB	307.9 MB	4.9 GB	10.3 MB
190	96/7a09cf	2908586	fastsurfer (190)	COMPLETED	0	2025-10-28 06:31:00.815	1h 6m 50s	1h 6m 50s	818.8%	13 GB	525.7 GB	3.9 GB	465.3 MB
609	2b/5c7565	3766596	nifti_converter (191)	COMPLETED	0	2025-10-28 07:37:52.020	2.1s	1.4s	97.2%	73.5 MB	112 MB	7.6 MB	80 MB
610	6b/a7670a	3767112	roi_creator (191)	COMPLETED	0	2025-10-28 07:37:55.095	2m 53s	2m 52s	100.0%	198.8 MB	307.9 MB	4.9 GB	10.3 MB
193	2f/d31125	3059470	fastsurfer (193)	COMPLETED	0	2025-10-28 06:45:38.801	1h 8m 44s	1h 8m 44s	858.6%	12.5 GB	525 GB	3.9 GB	464.2 MB
611	54/ddfa1c	3921953	nifti_converter (192)	COMPLETED	0	2025-10-28 07:54:24.247	1.9s	1.4s	101.0%	73.5 MB	112 MB	7.5 MB	80 MB
612	1a/c0f4ea	3922475	roi_creator (192)	COMPLETED	0	2025-10-28 07:54:27.201	2m 32s	2m 31s	100.2%	198.8 MB	307.9 MB	4.9 GB	10.3 MB
192	b2/17c613	3180125	fastsurfer (192)	COMPLETED	0	2025-10-28 06:55:35.242	1h 8m 48s	1h 8m 47s	1133.6%	12.7 GB	525.5 GB	3.7 GB	425.3 MB
613	1e/94de69	4043165	nifti_converter (193)	COMPLETED	0	2025-10-28 08:04:22.845	1.7s	1.1s	100.8%	73.5 MB	112 MB	7.4 MB	80 MB
194	f8/af2dd7	3244050	fastsurfer (194)	COMPLETED	0	2025-10-28 06:57:34.359	1h 7m 39s	1h 7m 38s	1187.8%	12.7 GB	525.4 GB	3.7 GB	426 MB
615	0b/2bc612	4067021	nifti_converter (194)	COMPLETED	0	2025-10-28 08:05:13.010	1.7s	1.1s	100.2%	73.5 MB	112 MB	7.2 MB	80 MB
614	e3/ab0c0b	4045316	roi_creator (193)	COMPLETED	0	2025-10-28 08:04:25.550	2m 31s	2m 31s	100.2%	198.8 MB	307.9 MB	4.9 GB	10.2 MB
616	c1/c7a0d4	4074867	roi_creator (194)	COMPLETED	0	2025-10-28 08:05:15.687	2m 30s	2m 29s	100.2%	198.8 MB	307.9 MB	4.9 GB	10.2 MB
197	87/5dd594	3363856	fastsurfer (197)	COMPLETED	0	2025-10-28 07:04:41.599	1h 8m 37s	1h 8m 36s	1098.4%	12.5 GB	525 GB	3.8 GB	441.4 MB
617	dd/003ca5	37901	nifti_converter (195)	COMPLETED	0	2025-10-28 08:13:19.244	2s	1.3s	100.3%	73.5 MB	112 MB	7.2 MB	80 MB
618	69/2b2065	38940	roi_creator (195)	COMPLETED	0	2025-10-28 08:13:22.237	2m 29s	2m 29s	100.2%	198.8 MB	307.9 MB	4.9 GB	10.3 MB
196	98/744a10	3478418	fastsurfer (196)	COMPLETED	0	2025-10-28 07:11:38.474	1h 7m	1h 7m	822.1%	13 GB	525.7 GB	3.7 GB	423 MB
619	11/0094b0	135251	nifti_converter (196)	COMPLETED	0	2025-10-28 08:18:38.725	1.7s	1.1s	99.6%	72.8 MB	112 MB	7.5 MB	80 MB
620	72/94eda5	136575	roi_creator (196)	COMPLETED	0	2025-10-28 08:18:41.417	2m 33s	2m 32s	100.2%	198.8 MB	307.9 MB	4.9 GB	10.2 MB
195	7c/a7fd36	3595451	fastsurfer (195)	COMPLETED	0	2025-10-28 07:19:14.508	1h 6m 49s	1h 6m 48s	899.8%	13.1 GB	525.8 GB	3.8 GB	443.7 MB
621	78/3da6c5	256127	nifti_converter (197)	COMPLETED	0	2025-10-28 08:26:04.630	1.9s	1.3s	100.2%	73.5 MB	112 MB	7.7 MB	80 MB
622	6f/9ed352	256905	roi_creator (197)	COMPLETED	0	2025-10-28 08:26:07.570	2m 48s	2m 47s	100.1%	198.8 MB	307.9 MB	4.9 GB	10.3 MB
199	33/4c8acb	3765824	fastsurfer (199)	COMPLETED	0	2025-10-28 07:37:51.014	1h 3m 57s	1h 3m 56s	858.6%	12.7 GB	525.4 GB	3.8 GB	444.2 MB
623	5d/306742	422599	nifti_converter (198)	COMPLETED	0	2025-10-28 08:41:48.699	1.8s	1.2s	100.4%	73.5 MB	112 MB	7.6 MB	80 MB
624	29/976f06	423361	roi_creator (198)	COMPLETED	0	2025-10-28 08:41:51.511	2m 42s	2m 42s	100.2%	198.8 MB	307.9 MB	4.9 GB	10.3 MB
198	97/5ff29a	3921353	fastsurfer (198)	COMPLETED	0	2025-10-28 07:54:23.240	51m 50s	51m 49s	853.5%	13 GB	525.7 GB	3.6 GB	409 MB
625	03/13635d	504835	nifti_converter (199)	COMPLETED	0	2025-10-28 08:46:13.919	2s	1.4s	99.1%	73.5 MB	112 MB	7 MB	80 MB
626	80/e2055c	505604	roi_creator (199)	COMPLETED	0	2025-10-28 08:46:16.952	2m 47s	2m 46s	100.2%	198.8 MB	307.9 MB	4.9 GB	10.2 MB
201	32/f165d3	4067014	fastsurfer (201)	COMPLETED	0	2025-10-28 08:05:13.004	54m 19s	54m 19s	948.7%	12.7 GB	525.4 GB	3.5 GB	396.2 MB
200	12/cc9128	4043157	fastsurfer (200)	COMPLETED	0	2025-10-28 08:04:22.835	55m 10s	55m 9s	926.3%	12.7 GB	525.4 GB	3.6 GB	417 MB
627	3f/3d36f3	656391	nifti_converter (200)	COMPLETED	0	2025-10-28 08:59:32.808	2s	1.4s	99.1%	73.5 MB	112 MB	7.1 MB	80 MB
628	e0/888883	656421	nifti_converter (201)	COMPLETED	0	2025-10-28 08:59:32.813	2.1s	1.3s	96.4%	73.5 MB	112 MB	7.4 MB	80 MB
629	1f/60d9ea	657915	roi_creator (200)	COMPLETED	0	2025-10-28 08:59:34.883	2m 53s	2m 52s	99.9%	198.8 MB	307.9 MB	4.9 GB	10.2 MB
630	04/965bed	658381	roi_creator (201)	COMPLETED	0	2025-10-28 08:59:35.889	2m 53s	2m 52s	99.9%	198.8 MB	307.9 MB	4.9 GB	10.2 MB
202	3d/8fccc9	135244	fastsurfer (202)	COMPLETED	0	2025-10-28 08:18:38.719	1h 5m 6s	1h 5m 5s	964.7%	12.7 GB	525.4 GB	3.8 GB	444.8 MB
631	3e/c3f4f1	932909	nifti_converter (202)	COMPLETED	0	2025-10-28 09:23:45.383	2.1s	1.4s	99.4%	73.5 MB	112 MB	7.8 MB	80 MB
632	97/ff2053	933586	roi_creator (202)	COMPLETED	0	2025-10-28 09:23:48.491	2m 45s	2m 44s	100.1%	198.8 MB	307.9 MB	4.9 GB	10.3 MB
203	80/f42948	37328	fastsurfer (203)	COMPLETED	0	2025-10-28 08:13:18.238	1h 19m 57s	1h 19m 56s	1038.9%	12.9 GB	525.6 GB	4 GB	476.1 MB
633	95/70999c	1047027	nifti_converter (203)	COMPLETED	0	2025-10-28 09:33:16.109	1.5s	952ms	100.7%	13.5 MB	62.4 MB	7.5 MB	80 MB
634	c6/91932d	1047676	roi_creator (203)	COMPLETED	0	2025-10-28 09:33:18.639	2m 20s	2m 19s	100.2%	198.8 MB	307.9 MB	4.9 GB	10.3 MB
204	05/27f41a	255527	fastsurfer (204)	COMPLETED	0	2025-10-28 08:26:03.624	1h 11m 58s	1h 11m 58s	955.3%	12.5 GB	525.3 GB	3.9 GB	450.7 MB
635	ff/6948ba	1134199	nifti_converter (204)	COMPLETED	0	2025-10-28 09:38:02.909	1.7s	1s	100.5%	11.3 MB	62.4 MB	7.4 MB	80 MB
636	2f/16e395	1134587	roi_creator (204)	COMPLETED	0	2025-10-28 09:38:05.609	2m 12s	2m 12s	100.3%	198.8 MB	307.9 MB	4.9 GB	10.3 MB
206	11/ec8bbe	422003	fastsurfer (206)	COMPLETED	0	2025-10-28 08:41:47.690	1h 50s	1h 49s	790.3%	13 GB	525.8 GB	3.7 GB	427.5 MB
637	00/e894f7	1226305	nifti_converter (205)	COMPLETED	0	2025-10-28 09:42:37.257	1.6s	921ms	100.8%	14.2 MB	62.4 MB	7.4 MB	80 MB
638	d1/458787	1227532	roi_creator (205)	COMPLETED	0	2025-10-28 09:42:39.825	2m 28s	2m 27s	100.2%	198.8 MB	307.9 MB	4.9 GB	10.3 MB
207	bd/5c5cce	504262	fastsurfer (207)	COMPLETED	0	2025-10-28 08:46:12.911	1h 4m 4s	1h 4m 3s	904.3%	12.7 GB	525.4 GB	3.7 GB	422.5 MB
639	e7/2a86e7	1352238	nifti_converter (206)	COMPLETED	0	2025-10-28 09:50:17.892	1.7s	1.1s	100.9%	73.5 MB	112 MB	7.2 MB	80 MB
640	98/bf7b08	1353039	roi_creator (206)	COMPLETED	0	2025-10-28 09:50:20.601	2m 15s	2m 15s	100.3%	198.8 MB	307.9 MB	4.9 GB	10.3 MB
209	bd/3d97ed	656110	fastsurfer (209)	COMPLETED	0	2025-10-28 08:59:32.481	54m 48s	54m 48s	948.8%	12.5 GB	525 GB	3.7 GB	422 MB
641	ef/9fac7e	1441336	nifti_converter (207)	COMPLETED	0	2025-10-28 09:54:21.762	1.9s	1.4s	100.0%	73.5 MB	112 MB	7.6 MB	80 MB
642	ef/db561a	1441853	roi_creator (207)	COMPLETED	0	2025-10-28 09:54:24.670	2m 46s	2m 45s	100.0%	198.8 MB	307.9 MB	4.9 GB	10.2 MB
208	55/05670a	656364	fastsurfer (208)	COMPLETED	0	2025-10-28 08:59:32.803	58m 40s	58m 39s	867.8%	13 GB	525.7 GB	3.6 GB	412 MB
643	0d/9abd07	1531176	nifti_converter (208)	COMPLETED	0	2025-10-28 09:58:13.722	1.6s	1.1s	100.1%	12.8 MB	62.4 MB	7.1 MB	80 MB
644	fc/7243b3	1532185	roi_creator (208)	COMPLETED	0	2025-10-28 09:58:16.378	2m 32s	2m 32s	100.2%	198.8 MB	307.9 MB	4.9 GB	10.2 MB
211	29/811910	932117	fastsurfer (211)	COMPLETED	0	2025-10-28 09:23:44.376	49m 14s	49m 14s	901.2%	12.7 GB	525.4 GB	3.6 GB	417.5 MB
645	90/270a10	1711621	nifti_converter (209)	COMPLETED	0	2025-10-28 10:12:59.835	2.2s	1.5s	101.3%	73.5 MB	112 MB	7.2 MB	80 MB
646	3b/e67370	1712494	roi_creator (209)	COMPLETED	0	2025-10-28 10:13:03.080	2m 55s	2m 54s	100.0%	198.8 MB	307.9 MB	4.9 GB	10.2 MB
210	85/27fc95	1046477	fastsurfer (210)	COMPLETED	0	2025-10-28 09:33:15.102	48m	47m 59s	1021.8%	12.5 GB	525.1 GB	3.4 GB	386.5 MB
647	eb/340d75	1823575	nifti_converter (210)	COMPLETED	0	2025-10-28 10:21:14.997	2.2s	1.5s	99.8%	73.5 MB	112 MB	7.3 MB	80 MB
648	96/0e69d6	1824844	roi_creator (210)	COMPLETED	0	2025-10-28 10:21:18.175	2m 55s	2m 54s	100.1%	198.8 MB	307.9 MB	4.9 GB	10.2 MB
212	86/f4ccf1	1133341	fastsurfer (212)	COMPLETED	0	2025-10-28 09:38:01.902	1h 3m 40s	1h 3m 39s	844.7%	12.5 GB	525 GB	3.9 GB	463.4 MB
649	0a/f3b879	2058232	nifti_converter (211)	COMPLETED	0	2025-10-28 10:41:42.866	2.1s	1.5s	99.6%	73.5 MB	112 MB	7.6 MB	80 MB
650	a9/0ff1fa	2058743	roi_creator (211)	COMPLETED	0	2025-10-28 10:41:45.973	2m 53s	2m 52s	99.8%	198.8 MB	307.9 MB	4.9 GB	10.3 MB
213	db/fc7ee9	1226300	fastsurfer (213)	COMPLETED	0	2025-10-28 09:42:37.253	1h 22m 5s	1h 22m 4s	1120.3%	13 GB	525.7 GB	3.8 GB	445.8 MB
651	49/392c11	2237068	nifti_converter (212)	COMPLETED	0	2025-10-28 11:04:43.121	2.1s	1.4s	100.0%	73.5 MB	112 MB	7.5 MB	80 MB
652	e1/5441d3	2237852	roi_creator (212)	COMPLETED	0	2025-10-28 11:04:46.188	2m 39s	2m 38s	100.1%	198.8 MB	307.9 MB	4.9 GB	10.3 MB
214	1c/591daa	1351636	fastsurfer (214)	COMPLETED	0	2025-10-28 09:50:16.884	1h 26m 46s	1h 26m 46s	1042.6%	12.5 GB	525 GB	3.7 GB	429.1 MB
653	ae/b5bb6d	2369760	nifti_converter (213)	COMPLETED	0	2025-10-28 11:17:04.006	1.5s	889ms	101.0%	12.8 MB	62.4 MB	7.1 MB	80 MB
654	d3/2b1e01	2370244	roi_creator (213)	COMPLETED	0	2025-10-28 11:17:06.524	2m 10s	2m 10s	100.2%	198.8 MB	307.9 MB	4.9 GB	10.2 MB
215	99/ca6848	1440583	fastsurfer (215)	COMPLETED	0	2025-10-28 09:54:20.757	1h 33m 40s	1h 33m 39s	1148.9%	13 GB	525.7 GB	3.7 GB	422.1 MB
655	8e/578aa3	2500562	nifti_converter (214)	COMPLETED	0	2025-10-28 11:28:01.732	1.7s	1.1s	100.1%	73.5 MB	112 MB	7.3 MB	80 MB
216	ef/d767a3	1530600	fastsurfer (216)	COMPLETED	0	2025-10-28 09:58:12.716	1h 30m 6s	1h 30m 5s	1187.7%	13 GB	525.7 GB	3.7 GB	434 MB
657	a9/d30407	2504895	nifti_converter (215)	COMPLETED	0	2025-10-28 11:28:19.801	1.6s	1.1s	100.0%	11.3 MB	62.4 MB	7.5 MB	80 MB
656	a8/445eb4	2501358	roi_creator (214)	COMPLETED	0	2025-10-28 11:28:04.412	2m 27s	2m 27s	100.3%	198.8 MB	307.9 MB	4.9 GB	10.2 MB
658	d0/57227d	2506107	roi_creator (215)	COMPLETED	0	2025-10-28 11:28:22.450	2m 26s	2m 25s	100.2%	198.8 MB	307.9 MB	4.9 GB	10.3 MB
221	26/0bc233	1711073	fastsurfer (221)	COMPLETED	0	2025-10-28 10:12:58.830	1h 18m 47s	1h 18m 46s	1102.9%	12.9 GB	525.6 GB	3.6 GB	407.5 MB
659	d4/e21aad	2637209	nifti_converter (216)	COMPLETED	0	2025-10-28 11:31:46.915	1.7s	1.1s	98.9%	73.5 MB	112 MB	7.3 MB	80 MB
217	6b/d41808	1823574	fastsurfer (217)	COMPLETED	0	2025-10-28 10:21:14.993	1h 12m 10s	1h 12m 10s	965.7%	12.8 GB	525.5 GB	3.6 GB	405.6 MB
661	71/9753ce	2703611	nifti_converter (217)	COMPLETED	0	2025-10-28 11:33:26.481	2.4s	1.9s	100.1%	60.8 MB	110.5 MB	7.2 MB	80 MB
660	ea/7036e2	2637692	roi_creator (216)	COMPLETED	0	2025-10-28 11:31:49.574	2m 32s	2m 31s	100.2%	198.8 MB	307.9 MB	4.9 GB	10.2 MB
662	c8/2c3366	2704392	roi_creator (217)	COMPLETED	0	2025-10-28 11:33:29.914	2m 14s	2m 14s	100.3%	198.8 MB	307.9 MB	4.9 GB	10.2 MB
218	6a/39d1d1	2057689	fastsurfer (218)	COMPLETED	0	2025-10-28 10:41:41.858	56m 37s	56m 36s	840.1%	12.5 GB	525 GB	3.6 GB	415.2 MB
663	b7/0ccbc1	2822506	nifti_converter (218)	COMPLETED	0	2025-10-28 11:38:19.730	1.8s	1.2s	100.2%	73.5 MB	112 MB	7.2 MB	80 MB
664	7c/4e9dc7	2823281	roi_creator (218)	COMPLETED	0	2025-10-28 11:38:22.535	2m 46s	2m 46s	100.0%	198.8 MB	307.9 MB	4.9 GB	10.2 MB
220	f6/a06908	2236463	fastsurfer (220)	COMPLETED	0	2025-10-28 11:04:42.107	1h 7m 44s	1h 7m 43s	839.6%	12.8 GB	525.6 GB	3.8 GB	446.2 MB
665	41/aaa09e	3111128	nifti_converter (219)	COMPLETED	0	2025-10-28 12:12:26.781	1.9s	1.3s	100.9%	73.5 MB	112 MB	7.5 MB	80 MB
666	2e/ca0372	3111642	roi_creator (219)	COMPLETED	0	2025-10-28 12:12:29.660	2m 52s	2m 51s	100.1%	198.8 MB	307.9 MB	4.9 GB	10.3 MB
219	08/8507b6	2368885	fastsurfer (219)	COMPLETED	0	2025-10-28 11:17:02.999	58m 20s	58m 20s	913.5%	13 GB	525.7 GB	3.9 GB	451.9 MB
667	9f/f0d8c2	3182199	nifti_converter (220)	COMPLETED	0	2025-10-28 12:15:23.177	1.9s	1.3s	99.2%	73.5 MB	112 MB	7.5 MB	80 MB
668	13/1614ba	3183505	roi_creator (220)	COMPLETED	0	2025-10-28 12:15:25.069	2m 50s	2m 50s	100.2%	198.8 MB	307.9 MB	4.9 GB	10.3 MB
223	1d/070692	2499920	fastsurfer (223)	COMPLETED	0	2025-10-28 11:28:00.727	1h 32m 24s	1h 32m 23s	1085.1%	12.5 GB	525 GB	3.5 GB	399.9 MB
669	18/cd9ebd	3466171	nifti_converter (221)	COMPLETED	0	2025-10-28 13:00:24.299	2.1s	1.5s	99.3%	73.5 MB	112 MB	7.3 MB	80 MB
670	11/efc443	3466636	roi_creator (221)	COMPLETED	0	2025-10-28 13:00:26.398	2m 52s	2m 52s	99.9%	198.8 MB	307.9 MB	4.9 GB	10.2 MB
225	ff/d5feae	2821929	fastsurfer (225)	COMPLETED	0	2025-10-28 11:38:18.724	1h 53m 36s	1h 53m 35s	1106.9%	13 GB	525.7 GB	3.8 GB	437.7 MB
671	67/4e0bd0	3584530	nifti_converter (222)	COMPLETED	0	2025-10-28 13:31:54.496	1.5s	893ms	102.0%	14.3 MB	62.4 MB	7.9 MB	80 MB
672	0b/204d06	3584942	roi_creator (222)	COMPLETED	0	2025-10-28 13:31:56.046	1m 48s	1m 47s	100.2%	198.8 MB	307.9 MB	4.9 GB	10.3 MB
222	00/d74fab	2504291	fastsurfer (222)	COMPLETED	0	2025-10-28 11:28:18.793	2h 7m 9s	2h 7m 8s	1247.5%	13 GB	525.7 GB	3.7 GB	428.8 MB
673	0e/94b260	3601279	nifti_converter (223)	COMPLETED	0	2025-10-28 13:35:27.657	1.9s	1.2s	101.6%	73.5 MB	112 MB	7.1 MB	80 MB
674	56/15ab74	3601787	roi_creator (223)	COMPLETED	0	2025-10-28 13:35:29.535	1m 53s	1m 52s	100.3%	198.8 MB	307.9 MB	4.9 GB	10.3 MB
228	1d/baa4c3	3110216	fastsurfer (228)	COMPLETED	0	2025-10-28 12:12:25.776	1h 27m 4s	1h 27m 3s	1130.5%	12.9 GB	525.6 GB	3.6 GB	416.1 MB
675	b1/63ed15	3616476	nifti_converter (224)	COMPLETED	0	2025-10-28 13:39:29.590	1.9s	1.2s	100.4%	73.5 MB	112 MB	6.7 MB	80 MB
224	05/2ba17c	2636021	fastsurfer (224)	COMPLETED	0	2025-10-28 11:31:45.906	2h 8m 1s	2h 8m	1108.8%	12.5 GB	525 GB	3.8 GB	447.1 MB
677	b1/ef5f3a	3618545	nifti_converter (225)	COMPLETED	0	2025-10-28 13:39:47.006	1.9s	1.2s	100.7%	73.5 MB	112 MB	7.4 MB	80 MB
227	3c/d2f7d7	3182193	fastsurfer (227)	COMPLETED	0	2025-10-28 12:15:23.171	1h 24m 40s	1h 24m 39s	1137.9%	12.5 GB	525 GB	3.7 GB	426.8 MB
679	35/972512	3620283	nifti_converter (226)	COMPLETED	0	2025-10-28 13:40:03.111	1.5s	840ms	100.7%	14.2 MB	62.4 MB	7.3 MB	80 MB
676	56/d60b68	3616941	roi_creator (224)	COMPLETED	0	2025-10-28 13:39:31.551	1m 51s	1m 51s	100.2%	198.8 MB	307.9 MB	4.9 GB	10.2 MB
678	7c/881e1c	3619095	roi_creator (225)	COMPLETED	0	2025-10-28 13:39:48.976	1m 49s	1m 48s	100.2%	198.8 MB	307.9 MB	4.9 GB	10.3 MB
680	32/36b548	3620752	roi_creator (226)	COMPLETED	0	2025-10-28 13:40:04.592	1m 48s	1m 47s	100.2%	198.8 MB	307.9 MB	4.9 GB	10.2 MB
226	4f/0bc0e3	2701774	fastsurfer (226)	COMPLETED	0	2025-10-28 11:33:25.471	2h 11m 29s	2h 11m 28s	1094.9%	13 GB	525.8 GB	4 GB	470.9 MB
681	b6/f05521	3629462	nifti_converter (227)	COMPLETED	0	2025-10-28 13:44:54.133	1.5s	835ms	101.6%	15 MB	62.4 MB	7.6 MB	80 MB
682	ac/01df04	3629492	csv_collector (1)	COMPLETED	0	2025-10-28 13:44:54.206	11.6s	10s	101.9%	6.8 MB	35.5 MB	67.2 MB	7.6 MB
684	90/0ded24	3631878	feature_extraction (1)	COMPLETED	0	2025-10-28 13:45:05.881	53m 30s	53m 29s	2210.8%	9.9 GB	86.9 GB	290.6 GB	202.6 MB